tweet,id,language,hashtags,retweets_count,replies_count,likes_count,username,created_at,name,cashtags
"My favorite DeFi protocols right now:  On Terra: Anchor, Mirror, Spectrum, Nexus, Kujira, Kash  On Fantom: Spookyswap, Grim, Tomb, Reaper, Beethoven, Geist  On Avalanche: Trader Joe, Wonderland, YieldYak, Teddy  Financial independence is inevitable if you know how to use these.",1465701868886102031,en,[],264,103,1537,route2fi,2021-11-30 15:18:51 UTC,Route 2 FI ğŸŒ–ğŸ‘»,[]
$LUNA up almost 50% since the weekend dip.  Expecting new ATH if $BTC continues to pump.,1465655989542264842,en,[],24,13,470,route2fi,2021-11-30 12:16:33 UTC,Route 2 FI ğŸŒ–ğŸ‘»,"['luna', 'btc']"
What I am looking forward to in DeFi on the Terra ecosystem:  -Kinetic Money --&gt; borrow more $UST   -Nexus $UST Mirror Vault --&gt; Delta Neutral strategy   -Mars Protocol --&gt; borrow/lending  -White Whale --&gt; increase my APY  -Kash and Alice Visa card --&gt; spend my $UST everywhere,1465392074963009541,en,[],116,33,748,route2fi,2021-11-29 18:47:50 UTC,Route 2 FI ğŸŒ–ğŸ‘»,"['ust', 'ust', 'ust']"
@Crypto_Forward @Terra_Land @PropyInc Love them â¤,1465300651383136261,en,[],0,0,0,route2fi,2021-11-29 12:44:33 UTC,Route 2 FI ğŸŒ–ğŸ‘»,[]
$LUNA up while the rest of the market is down.  Probably nothing.,1465028335017283589,en,[],56,29,634,route2fi,2021-11-28 18:42:28 UTC,Route 2 FI ğŸŒ–ğŸ‘»,['luna']
"@rebel_defi Well said.   You know I am in love @terra_money and $LUNA too, but in DeFi you can have several girlfriends ğŸ˜",1465018184973627393,en,[],2,2,30,route2fi,2021-11-28 18:02:08 UTC,Route 2 FI ğŸŒ–ğŸ‘»,['luna']
"@benchmarcc DeFi protocols on $FTM, $LUNA, $AVAX, $SOL, and $ONE  I also like $ETH, but due to gas fees, it feels like it's not worth it for many people right now.",1464872542569734148,en,[],8,7,65,route2fi,2021-11-28 08:23:24 UTC,Route 2 FI ğŸŒ–ğŸ‘»,"['ftm', 'luna', 'avax', 'sol', 'one', 'eth']"
@LavLovre @alice_finance @Terra_Land Feels like I'm sleeping on this concept!,1464620672626401284,en,[],0,1,2,route2fi,2021-11-27 15:42:34 UTC,Route 2 FI ğŸŒ–ğŸ‘»,[]
@oxymoronGM @alice_finance @Terra_Land In which countries?,1464620020835749896,en,[],0,1,0,route2fi,2021-11-27 15:39:58 UTC,Route 2 FI ğŸŒ–ğŸ‘»,[]
"I use Metamask for $ETH, $AVAX, $FTM, and $ONE.  Terra Station for $LUNA   Phantom for $SOL.  Is there a wallet that supports every ecosystem yet?   Asking for a fren.",1464565116578541572,en,[],109,243,1329,route2fi,2021-11-27 12:01:48 UTC,Route 2 FI ğŸŒ–ğŸ‘»,"['eth', 'avax', 'ftm', 'one', 'luna', 'sol']"
Do you remember I mentioned $NWC a while ago?  They announced another burn today.  This brings it a total of 7 million tokens burned this year.  On top of that they plan to do 3 more burns until the end of this year.  Deflationary like $LUNA ğŸŒ–  Chart looks good!  NFA. DYOR.,1464305242896490497,en,[],17,5,85,route2fi,2021-11-26 18:49:10 UTC,Route 2 FI ğŸŒ–ğŸ‘»,"['nwc', 'luna']"
@Cryptoknight0x @terra_money Smart,1464175076098682884,en,[],0,0,1,route2fi,2021-11-26 10:11:55 UTC,Route 2 FI ğŸŒ–ğŸ‘»,[]
"$LUNA pumping like there is no tomorrow! ğŸŒ–  We love to see it, frens!",1463944534472155142,en,[],20,23,360,route2fi,2021-11-25 18:55:50 UTC,Route 2 FI ğŸŒ–ğŸ‘»,['luna']
Why hasn't anyone forked @tombfinance on Terra $LUNA?  @stablekwon can you and your team fix this? ğŸŒ–  Would be the perfect Christmas present this year ğŸ…,1463868964094816258,en,[],20,29,256,route2fi,2021-11-25 13:55:33 UTC,Route 2 FI ğŸŒ–ğŸ‘»,['luna']
"My life changed when I understood that it was possible to get a 20% yearly interest by having my money in a crypto savings bank instead of taking risks in the stock market.  Combine 20% APY with asymmetric bets like $TIME + yield farming $FTM, $AVAX, $LUNA &amp; $SOL to win big.",1463790799724986375,en,[],116,72,1181,route2fi,2021-11-25 08:44:57 UTC,Route 2 FI ğŸŒ–ğŸ‘»,"['time', 'ftm', 'avax', 'luna', 'sol']"
@Luna_Studio_ Exactly,1463628826110537731,en,[],0,0,3,route2fi,2021-11-24 22:01:19 UTC,Route 2 FI ğŸŒ–ğŸ‘»,[]
None of us knows when the bear market starts.  Instead of converting to fiat you could have your money in:  -stablecoin savings accounts (20% APY) -stablecoin farms (20-120% APY) -high yield staking on Terra/Avalanche/Sol/FTM ++  Do you do any changes to your portfolio now?,1463585836126121987,en,[],67,67,655,route2fi,2021-11-24 19:10:30 UTC,Route 2 FI ğŸŒ–ğŸ‘»,[]
Which protocols are launching on Terra in the coming weeks?  Waiting for so many now!  -Mars Protocol -Kinetic Money -Nexus Mirror $UST vault -Prism -Astroport +++  Which are you personally most excited about?,1463052148925775877,en,[],42,52,362,route2fi,2021-11-23 07:49:49 UTC,Route 2 FI ğŸŒ–ğŸ‘»,['ust']
"@lur50 @BabylonDao Nope.  Not associated with the team.  I am a thread writer.  You will see I'm going to write about lots of other DeFi stuff this week on Terra, Fantom, Avax, etc. :)",1462828565771214853,en,[],0,3,32,route2fi,2021-11-22 17:01:22 UTC,Route 2 FI ğŸŒ–ğŸ‘»,[]
"@newtonintown @LunaLlamasNFT Not very speculative to spend 0.85 $LUNA for a mint IMO.  But if you don't like it, don't mint.   Always DYOR",1462763728882053123,en,[],0,1,3,route2fi,2021-11-22 12:43:44 UTC,Route 2 FI ğŸŒ–ğŸ‘»,['luna']
You can mint @LunaLlamasNFT here for only 0.85 $LUNA per piece:    https://t.co/bUw0EZvaFc,1462750330970640386,en,[],5,10,36,route2fi,2021-11-22 11:50:30 UTC,Route 2 FI ğŸŒ–ğŸ‘»,['luna']
"Just minted this degen @LunaLlamasNFT with a snapback.  Looks pretty cool.  What are your thoughts?   Hopefully, my llama will send the price of $LUNA to $100 quick ğŸŒ–  Full send! ğŸš€  https://t.co/9asCkBxN2F",1462750325790711812,en,[],8,21,102,route2fi,2021-11-22 11:50:28 UTC,Route 2 FI ğŸŒ–ğŸ‘»,['luna']
"The rest of the story is in the thread below from February 2021.  The thread ends in February, but after that I went full degen in $ETH in the end of May and $LUNA in August.   Will expand more on how I did it at a later point.  For now, read the story ğŸ‘‡   https://t.co/ZqJwmhfP9N",1462739369895280640,en,[],12,4,77,route2fi,2021-11-22 11:06:56 UTC,Route 2 FI ğŸŒ–ğŸ‘»,"['eth', 'luna']"
@Luna_Studio_ I feel you,1462737354746179586,en,[],0,0,2,route2fi,2021-11-22 10:58:56 UTC,Route 2 FI ğŸŒ–ğŸ‘»,[]
@archon_0x @leap__terra @terra_money Sweet. Will check it out once it's ready ğŸ˜ƒ,1461818271494254596,en,[],0,0,3,route2fi,2021-11-19 22:06:49 UTC,Route 2 FI ğŸŒ–ğŸ‘»,[]
@archon_0x @leap__terra @terra_money Thoughts?,1461817274369810433,en,[],0,1,1,route2fi,2021-11-19 22:02:52 UTC,Route 2 FI ğŸŒ–ğŸ‘»,[]
@leap__terra What's this?,1461811822605086721,en,[],0,1,2,route2fi,2021-11-19 21:41:12 UTC,Route 2 FI ğŸŒ–ğŸ‘»,[]
@Luna_Pyro_ Totally agree,1461778011179692044,en,[],0,0,4,route2fi,2021-11-19 19:26:51 UTC,Route 2 FI ğŸŒ–ğŸ‘»,[]
"@danku_r Never enough $TIME to get more ;)   My main rebase-token play is $TIME, thereafter $OHM.  I have obviously bigger positions in $LUNA, but I still think rebase-tokens may offer value long-term (with higher risk ofc).  Are you into some of them?",1461650164385468416,en,[],1,10,32,route2fi,2021-11-19 10:58:49 UTC,Route 2 FI ğŸŒ–ğŸ‘»,"['time', 'time', 'ohm', 'luna']"
The demand for $UST is about to go full degen.  Study the tokenomics of $LUNA and you'll quickly understand that the price of $LUNA will be $100 soon ğŸŒ–  https://t.co/H831SaNT8p,1461625574435299330,en,[],65,27,417,route2fi,2021-11-19 09:21:07 UTC,Route 2 FI ğŸŒ–ğŸ‘»,"['ust', 'luna', 'luna']"
"The high gas fees we see now on Ethereum have strengthened crypto.  It has eg. led to the development of ecosystems like Solana, Avalanche, and Terra.  One thing I miss in DeFi though is a multi-chain solution that lets you operate with only one wallet and only one address.",1461381547622293514,en,[],18,44,342,route2fi,2021-11-18 17:11:26 UTC,Route 2 FI ğŸŒ–ğŸ‘»,[]
@Luna_diamondpaw @DefiKingdoms @GlitchProtocol Tell me more about Glitch,1461298088467963906,en,[],0,1,3,route2fi,2021-11-18 11:39:48 UTC,Route 2 FI ğŸŒ–ğŸ‘»,[]
"In the last couple of months, I've played around with DeFi on these ecosystems:  -ETH -Terra Luna -Avalanche -Solana -BSC -Matic  Going to deep dive into Fantom and Harmony One next.  What else am I sleeping on?",1461258281146585092,en,[],43,170,576,route2fi,2021-11-18 09:01:37 UTC,Route 2 FI ğŸŒ–ğŸ‘»,[]
Couldn't stand it anymore.  Today I bought more:  - $LUNA - $TIME - $OHM  Also looking into picking up both $ICE and $SPELL which looks cheap at this level.  What are you buying today?,1461052649994952705,en,[],53,178,719,route2fi,2021-11-17 19:24:31 UTC,Route 2 FI ğŸŒ–ğŸ‘»,"['luna', 'time', 'ohm', 'ice', 'spell']"
The year is 2024.  Which coins do you think will be the top 5?  My prediction:  1. $ETH 2. $BTC 3. $SOL 4. $LUNA 5. $AVAX,1460364166452195332,en,[],57,206,818,route2fi,2021-11-15 21:48:44 UTC,Route 2 FI ğŸŒ–ğŸ‘»,"['eth', 'btc', 'sol', 'luna', 'avax']"
@0xMartinS @astroport_fi @mars_protocol @WhiteWhaleTerra @TeamKujira @StarTerra_io @NexusProtocol @terra_money Fantastic! Really bullish on Terra!,1460332400819458056,en,[],0,0,3,route2fi,2021-11-15 19:42:30 UTC,Route 2 FI ğŸŒ–ğŸ‘»,[]
@lukedelphi @terra_money A way to leverage $UST without $MIM ğŸ¤,1460315645179052037,en,[],1,2,38,route2fi,2021-11-15 18:35:55 UTC,Route 2 FI ğŸŒ–ğŸ‘»,"['ust', 'mim']"
@WSBuffett_LUNA Can't switch network?,1460305567961042958,en,[],0,1,0,route2fi,2021-11-15 17:55:53 UTC,Route 2 FI ğŸŒ–ğŸ‘»,[]
@WSBuffett_LUNA Impossible to say.  I trust $TIME and I'm not planning to get out.,1460304734292693003,en,[],0,1,4,route2fi,2021-11-15 17:52:34 UTC,Route 2 FI ğŸŒ–ğŸ‘»,['time']
"Advice for beginners in DeFi:  - Set up Metamask with different networks - Get wallets for Solana, Terra, and other L1's - Learn to bridge: 1inch, Relay, Terra bridge - Buy a hardware wallet (Ledger/Trezor) - Follow alpha people on Twitter - Play around with different protocols",1460210512755630085,en,[],327,77,1922,route2fi,2021-11-15 11:38:10 UTC,Route 2 FI ğŸŒ–ğŸ‘»,[]
"If you understand what's happening right now with $LUNA and $UST, you will definitely make it! ğŸŒ–ğŸš€  Don't sleep on it, anon!  https://t.co/SIWnw9bsPy",1459999347056291843,en,[],69,43,500,route2fi,2021-11-14 21:39:04 UTC,Route 2 FI ğŸŒ–ğŸ‘»,"['luna', 'ust']"
"@davecraige @Cephii1 Hey, @Cephii1   Mind sharing some great threads/links to Dave about Luna's tokenomics and the relationship between $UST/$LUNA?",1459796599148851202,en,[],0,0,2,route2fi,2021-11-14 08:13:25 UTC,Route 2 FI ğŸŒ–ğŸ‘»,['ust']
@davecraige Great guide. But $LUNA should be included.  If you understand the tokenomics you would never sell ever ğŸ™ğŸ˜ƒ,1459782760776839170,en,[],1,2,13,route2fi,2021-11-14 07:18:26 UTC,Route 2 FI ğŸŒ–ğŸ‘»,['luna']
@fy_crypto @terra_money Can relate...,1459581124355760131,en,[],0,0,3,route2fi,2021-11-13 17:57:12 UTC,Route 2 FI ğŸŒ–ğŸ‘»,[]
@kakakadandan @anchor_protocol @stablekwon @PFC_Validator $LUNA to $1? A 98% drop?,1459450233293840390,en,[],0,1,2,route2fi,2021-11-13 09:17:05 UTC,Route 2 FI ğŸŒ–ğŸ‘»,['luna']
@Kevo_6S @Fubbling Luna / usdt if you want to hold,1459189215955193861,en,[],0,1,1,route2fi,2021-11-12 15:59:54 UTC,Route 2 FI ğŸŒ–ğŸ‘»,[]
@nickgabriel93 @terra_money @stablekwon @NicolasFlamelX @lunaterraluna @cy_coleman @FynnToTheMoon @TerraPico_ust @anchor_protocol @mirror_protocol @TerraYoda Haha. Good point,1458737897171992580,en,[],0,0,3,route2fi,2021-11-11 10:06:31 UTC,Route 2 FI ğŸŒ–ğŸ‘»,[]
When you notice someone selling $LUNA ğŸŒ–  https://t.co/myDmlipIij,1458737370149310466,en,[],32,17,407,route2fi,2021-11-11 10:04:25 UTC,Route 2 FI ğŸŒ–ğŸ‘»,['luna']
@Luna_Pyro_ Its coming.  @leservedao,1458695944229249025,en,[],1,4,16,route2fi,2021-11-11 07:19:49 UTC,Route 2 FI ğŸŒ–ğŸ‘»,[]
Not having $LUNA must be painful.  From $0.64 to $51 in 10 months.  That's a crazy 80x !  What an amazing ride ğŸŒ–,1458390193015336964,en,[],38,42,519,route2fi,2021-11-10 11:04:52 UTC,Route 2 FI ğŸŒ–ğŸ‘»,['luna']
@Calyeap @CryptoSharkNews @danielesesta @Remi_Tetot @stablekwon @NicolasFlamelX @STYLLARNFT @terra_money @TerraLUNADaily @AlphaSeeker21 @CryptoWizardd @LunarCRUSH Thanks,1458338174866968577,en,[],0,0,2,route2fi,2021-11-10 07:38:10 UTC,Route 2 FI ğŸŒ–ğŸ‘»,[]
@CryptoSharkNews @danielesesta @Remi_Tetot @stablekwon @NicolasFlamelX @STYLLARNFT @terra_money @TerraLUNADaily @AlphaSeeker21 @CryptoWizardd How are you tracking this?,1458337564927172610,en,[],0,1,3,route2fi,2021-11-10 07:35:44 UTC,Route 2 FI ğŸŒ–ğŸ‘»,[]
@swmartin19 @Remi_Tetot @NicolasFlamelX @terra_money Great thread bro,1458150386234179584,en,[],0,1,1,route2fi,2021-11-09 19:11:57 UTC,Route 2 FI ğŸŒ–ğŸ‘»,[]
"borrowing of $MIM and looping 10x? You do everything in one step!   Now that's some magic from the Abracadabra team!  If you come from Terra you only need 1 $ETH transaction ğŸŒ–  Obviously, if you want to repay your $MIM or exit the strategy you need to do an $ETH txn as well  /15",1458072101156425729,en,[],9,5,47,route2fi,2021-11-09 14:00:53 UTC,Route 2 FI ğŸŒ–ğŸ‘»,"['mim', 'eth', 'mim', 'eth']"
"Why not 160% ?  When we first heard about the strategy we thought we would get our initial 19.5% that Anchor Protocol gives you and 8x loop = 156%.   But because of the mechanisms that @MIM_Spell does (see pic), by bridging from ETH to Terra, then into @anchor_protocol and..  /12  https://t.co/lT7ECqEwrB",1458072089886437376,en,[],10,2,42,route2fi,2021-11-09 14:00:50 UTC,Route 2 FI ğŸŒ–ğŸ‘»,[]
Go to:  https://t.co/xKKfOsQsGN  Enter the amount of $UST you want to send to the $ETH network.  Then enter your Metamask address.  Warning! Always send small amounts the first time you do this.  One error and your money will be lost.  Confirm and pay Terra gas fee (low).  /5  https://t.co/iH9vBhUR1B,1458072041488371712,en,[],10,4,33,route2fi,2021-11-09 14:00:39 UTC,Route 2 FI ğŸŒ–ğŸ‘»,"['ust', 'eth']"
"If you have $UST in your Metamask now, don't worry about the tweet below and nr. 5.  For Terra people: If you already have a Terra Station wallet and use Anchor Protocol as a daily routine, you probably already have $UST.  But we need to bridge it to the $ETH network.  cont.  /4",1458072032269283334,en,[],7,6,32,route2fi,2021-11-09 14:00:36 UTC,Route 2 FI ğŸŒ–ğŸ‘»,"['ust', 'ust', 'eth']"
"4. Terra ($LUNA)  -Token build around $UST -Extreme tokenomics -Soon 150 protocols (20% APY in a savings account, get paid to borrow money, synthetic stocks, +++) -To me, this is the ecosystem that is closest to replacing TradFI completely.  Read:  https://t.co/in2eXVACEg  /5",1457728394980909061,en,[],24,4,152,route2fi,2021-11-08 15:15:07 UTC,Route 2 FI ğŸŒ–ğŸ‘»,['ust']
"YTD Performance:  - $SOL 137x - $MATIC 106x - $LUNA 79x - $AVAX 24x - $ETH 6x - $BTC 2x  Holding only $BTC and $ETH is fine, but be aware that there exist bigger gains out there.",1457717125943119885,en,[],66,36,532,route2fi,2021-11-08 14:30:20 UTC,Route 2 FI ğŸŒ–ğŸ‘»,"['sol', 'matic', 'luna', 'avax', 'eth', 'btc', 'btc', 'eth']"
People owning nothing else than $BTC must have a hard time seeing all these new coins doing 5 - 10x.  Especially the maxis that won't admit that there exist other great projects.  Don't tell me that eg. these crypto's don't have real user cases:  - $LUNA - $SOL - $KDA,1457436282485886983,en,[],46,32,420,route2fi,2021-11-07 19:54:22 UTC,Route 2 FI ğŸŒ–ğŸ‘»,"['btc', 'luna', 'sol', 'kda']"
I think the easiest 3-4x trade this bull cycle is simply to hold $LUNA.,1457408778232545280,en,[],71,33,711,route2fi,2021-11-07 18:05:04 UTC,Route 2 FI ğŸŒ–ğŸ‘»,['luna']
@trader58384 Great covered by @takegreenpill   For the moment I have enough with $TIME and $GYRO for now.  Waiting for @leservedao which will be the @terra_money fork of $OHM,1456976932944371714,en,[],0,0,5,route2fi,2021-11-06 13:29:04 UTC,Route 2 FI ğŸŒ–ğŸ‘»,"['time', 'gyro', 'ohm']"
$LUNA just hit an all-time high!   $100 next! ğŸŒ–,1456341800210386945,en,[],40,9,426,route2fi,2021-11-04 19:25:17 UTC,Route 2 FI ğŸŒ–ğŸ‘»,['luna']
The perfect portfolio right now:  -25% $LUNA -25% $ETH -25% $SOL -25% $KDA,1456181676418211846,en,[],39,89,582,route2fi,2021-11-04 08:49:00 UTC,Route 2 FI ğŸŒ–ğŸ‘»,"['luna', 'eth', 'sol', 'kda']"
"@Aston_Tan Great thread, brother.  If we want Terra NFT's to be even 1/4 of what Solana NFT's is, we have to step up the game!",1456145572298170369,en,[],0,2,6,route2fi,2021-11-04 06:25:32 UTC,Route 2 FI ğŸŒ–ğŸ‘»,[]
$LUNA looks hungry for $50! ğŸŒ–  wagmi,1455993511451504646,en,[],29,19,289,route2fi,2021-11-03 20:21:18 UTC,Route 2 FI ğŸŒ–ğŸ‘»,['luna']
@TequilaVibe This is the magic language called Terra/Abracadabra,1455945291920707590,en,[],0,0,4,route2fi,2021-11-03 17:09:42 UTC,Route 2 FI ğŸŒ–ğŸ‘»,[]
Step 1: Deposit your $UST as collateral in Degenbox and use leverage  Step 2: Degenbox bridges $UST to Terra via shuttle  Step 3: Buys $UST on Anchor  Step 4: You get aUST  Step 5: Bridge your aUST via Ethereum to Degenbox  Step 6: Collect up to 160% APY and quit your job,1455906097886339075,en,[],148,69,829,route2fi,2021-11-03 14:33:57 UTC,Route 2 FI ğŸŒ–ğŸ‘»,"['ust', 'ust', 'ust']"
$ETH breakout.  You know what it means...  Wouldn't be surprised if we wake up to $50 $LUNA tomorrow! ğŸŒ–,1455661385304743937,en,[],28,19,294,route2fi,2021-11-02 22:21:33 UTC,Route 2 FI ğŸŒ–ğŸ‘»,"['eth', 'luna']"
"@archon_0x @stablekwon @MrRefractor @ethereum @CurveFinance @SushiSwap @Uniswap @terra_money Roger that, @archon_0x",1455616511377395720,en,[],0,0,2,route2fi,2021-11-02 19:23:15 UTC,Route 2 FI ğŸŒ–ğŸ‘»,[]
@therealMRyoung4 Terra Station,1455494225739632640,en,[],0,2,2,route2fi,2021-11-02 11:17:19 UTC,Route 2 FI ğŸŒ–ğŸ‘»,[]
None of us own enough $LUNA.,1455491644636151809,en,[],45,32,508,route2fi,2021-11-02 11:07:04 UTC,Route 2 FI ğŸŒ–ğŸ‘»,['luna']
@MrRefractor @stablekwon @ethereum @CurveFinance @SushiSwap @Uniswap @terra_money And aUST-$MIM,1455485961882808325,en,[],1,1,33,route2fi,2021-11-02 10:44:29 UTC,Route 2 FI ğŸŒ–ğŸ‘»,[]
@LunarWassiesNFT @terra_money @angelprotocol Love this artwork. Send me a DM.,1455472243178356739,en,[],0,0,1,route2fi,2021-11-02 09:49:58 UTC,Route 2 FI ğŸŒ–ğŸ‘»,[]
"wen Lambo?  I don't know about you, but I just minted a sexy @LunaLambosNFT  They are currently minting on for only 3 $LUNA   ğŸ‘‡ğŸ‘‡   https://t.co/H88uQwXFXn  Definitely one of the most unique and intriguing of the new NFT projects launching on Terra!  LFG, team Lambo!  https://t.co/WjCkdnjwFO",1455462676159729666,en,[],11,10,34,route2fi,2021-11-02 09:11:57 UTC,Route 2 FI ğŸŒ–ğŸ‘»,['luna']
@archon_0x @Danxia_Capital @nebula_protocol @terra_money Interesting.  When will @nebula_protocol launch?,1455413263714471942,en,[],1,0,4,route2fi,2021-11-02 05:55:36 UTC,Route 2 FI ğŸŒ–ğŸ‘»,[]
"@EndreEtternavn You know I love $Luna, bro.  Always ready!",1455249072756035588,en,[],0,0,5,route2fi,2021-11-01 19:03:10 UTC,Route 2 FI ğŸŒ–ğŸ‘»,['luna']
@HalbornSecurity @terra_money Great news!,1455213049418338306,en,[],0,0,6,route2fi,2021-11-01 16:40:02 UTC,Route 2 FI ğŸŒ–ğŸ‘»,[]
The winners are:  1. @investwith100  2. @_Nyxsyn  3. @sundaaay19   Claim your 100 x $TFLOKI by sending a DM to @TerraFloki with your terra-address + copy this tweet as a reference!  Congratulations! ğŸ¶,1455063956125634560,en,[],5,3,15,route2fi,2021-11-01 06:47:35 UTC,Route 2 FI ğŸŒ–ğŸ‘»,['tfloki']
@Luna_diamondpaw Awesome! ğŸ˜ƒğŸŒ–,1455052270274547713,en,[],0,0,1,route2fi,2021-11-01 06:01:09 UTC,Route 2 FI ğŸŒ–ğŸ‘»,[]
What are your top 3 positions in your portfolio right now?  I'll start:  1. $LUNA 2. $ETH 3. $KDA,1454869758877261826,en,[],51,334,667,route2fi,2021-10-31 17:55:55 UTC,Route 2 FI ğŸŒ–ğŸ‘»,"['luna', 'eth', 'kda']"
"@TerraYoda Thank you, you Master of Luna!!",1454811370134855691,en,[],0,0,3,route2fi,2021-10-31 14:03:54 UTC,Route 2 FI ğŸŒ–ğŸ‘»,[]
@luna_creators Let's see!,1454723297271324678,en,[],0,0,1,route2fi,2021-10-31 08:13:56 UTC,Route 2 FI ğŸŒ–ğŸ‘»,[]
I told everyone to buy $LUNA in 2002.   They didn't listen.   NGMI.,1454680656965931008,en,[],10,27,182,route2fi,2021-10-31 05:24:29 UTC,Route 2 FI ğŸŒ–ğŸ‘»,['luna']
"GN, frens.  Let's wake up to $LUNA $50 tomorrow.  Full send! ğŸŒ–",1454558417788485634,en,[],18,11,192,route2fi,2021-10-30 21:18:45 UTC,Route 2 FI ğŸŒ–ğŸ‘»,['luna']
"@AlphaSeeker21 @terra_money @MarcGoldich To be honest, I haven't researched it too much.  I feel confident that @MarcGoldich takes care of this ğŸ¤",1454527037272694796,en,[],0,2,3,route2fi,2021-10-30 19:14:04 UTC,Route 2 FI ğŸŒ–ğŸ‘»,[]
@AlphaSeeker21 @terra_money There is no bear case,1454525343864430594,en,[],2,1,24,route2fi,2021-10-30 19:07:20 UTC,Route 2 FI ğŸŒ–ğŸ‘»,[]
"@Terra_Lunatic_ Thanks, bro!",1454410204733444099,en,[],0,0,1,route2fi,2021-10-30 11:29:49 UTC,Route 2 FI ğŸŒ–ğŸ‘»,[]
@Terra_Lunatic_ I fullt agree.,1454381784028884995,en,[],0,1,1,route2fi,2021-10-30 09:36:53 UTC,Route 2 FI ğŸŒ–ğŸ‘»,[]
"@yngve_odegard @naval Maybe not by holding $luna, but $ust",1454375604661465091,en,[],0,0,2,route2fi,2021-10-30 09:12:19 UTC,Route 2 FI ğŸŒ–ğŸ‘»,"['luna', 'ust']"
@archon_0x @Qi_Capital @orion_money @terra_money @anchor_protocol Will listen to this ğŸ™,1454173477540442123,en,[],0,0,1,route2fi,2021-10-29 19:49:08 UTC,Route 2 FI ğŸŒ–ğŸ‘»,[]
"@WSBuffett_LUNA Thank you, Warren!!",1454085935277170690,en,[],0,0,0,route2fi,2021-10-29 14:01:17 UTC,Route 2 FI ğŸŒ–ğŸ‘»,[]
@btenten10 Nope. It's cheap with transaction fees on Terra. Max 5-6 ust in total,1454074587231232005,en,[],0,1,0,route2fi,2021-10-29 13:16:11 UTC,Route 2 FI ğŸŒ–ğŸ‘»,[]
"So to use this strategy you need $UST.  In this example, I use $100K as the total amount. But it works equally well with $100 in total.  Step 1: Create a Terra wallet:  https://t.co/tqhYCCaD4b  Step 2: Buy $UST on Kucoin, Coinbase, Uniswap, or via Anchor Protocol  /7",1454065857957711876,en,[],10,7,64,route2fi,2021-10-29 12:41:30 UTC,Route 2 FI ğŸŒ–ğŸ‘»,"['ust', 'ust']"
"To understand how this works, we have to say hello to the Terra Ecosystem and their protocols called @anchor_protocol  &amp; @mirror_protocol   You can read my full thread about Anchor Protocol here:  https://t.co/jY5pv9Gptm  Read the thread about Anchor first, then move onğŸ‘‡  1/",1454065829084078087,en,[],23,3,112,route2fi,2021-10-29 12:41:23 UTC,Route 2 FI ğŸŒ–ğŸ‘»,[]
@snad3r @theexiste Wait until you can do this with Terra Luna ğŸ‘ Your rates will be much better than 6.8% ğŸ˜ƒğŸŒ–,1454027053481795586,en,[],0,1,1,route2fi,2021-10-29 10:07:18 UTC,Route 2 FI ğŸŒ–ğŸ‘»,[]
"@archon_0x @Qi_Capital @orion_money @terra_money @anchor_protocol Oh, I will. Will it be available on Spotify?",1453983663012593669,en,[],0,1,2,route2fi,2021-10-29 07:14:53 UTC,Route 2 FI ğŸŒ–ğŸ‘»,[]
@archon_0x @Qi_Capital @orion_money @terra_money @anchor_protocol Thank you! Great answer.,1453983301954310147,en,[],1,1,2,route2fi,2021-10-29 07:13:27 UTC,Route 2 FI ğŸŒ–ğŸ‘»,[]
"@archon_0x @Qi_Capital @orion_money @terra_money Great to see more saving protocols!  But for people having $UST, won't it be more beneficial to just use @anchor_protocol ?",1453981807263854594,en,[],1,1,3,route2fi,2021-10-29 07:07:31 UTC,Route 2 FI ğŸŒ–ğŸ‘»,['ust']
"If you're buying meme coins like $ADA / $XRP over $LUNA, you're an island boy.",1453964858177703938,en,[],18,25,255,route2fi,2021-10-29 06:00:10 UTC,Route 2 FI ğŸŒ–ğŸ‘»,"['ada', 'xrp', 'luna']"
@coreycorpodian1 As you've probably have noticed I'm pretty deep into the Terra ecosystem.  This dog has deflationary mechanisms which means that it will get more valuable.  They're also creating a game and NFT's.,1453821237201883136,en,[],0,4,22,route2fi,2021-10-28 20:29:28 UTC,Route 2 FI ğŸŒ–ğŸ‘»,[]
"I just bought a big bag of $TFLOKI which is Terra's version of Elons dog.   It's a deflationary token, and it's way more than just a meme.  This is a long-term hold for me and I expect it to grow exponentially.  Buying $TFLOKI now is like buying $LUNA at $0.50.  To the moon! ğŸŒ–ğŸ¶",1453819077319962626,en,[],77,66,382,route2fi,2021-10-28 20:20:53 UTC,Route 2 FI ğŸŒ–ğŸ‘»,"['tfloki', 'tfloki', 'luna']"
@Wolf_On_Chain @raalcast Fully agree. Just to keep up to date on Terra is pretty hard in itself!,1453813367949377543,en,[],0,0,0,route2fi,2021-10-28 19:58:12 UTC,Route 2 FI ğŸŒ–ğŸ‘»,[]
"$LUNA ğŸŒ– is still heading to $200.   GM, frens.",1453698744155836418,en,[],41,17,397,route2fi,2021-10-28 12:22:43 UTC,Route 2 FI ğŸŒ–ğŸ‘»,['luna']
@luna_creators @anchor_protocol It's magic.,1453463316035145736,en,[],0,0,2,route2fi,2021-10-27 20:47:13 UTC,Route 2 FI ğŸŒ–ğŸ‘»,[]
What made you fall in love with $LUNA? ğŸŒ–  I'll start:  -Anchor Protocol (@anchor_protocol),1453458057602678788,en,[],38,116,465,route2fi,2021-10-27 20:26:19 UTC,Route 2 FI ğŸŒ–ğŸ‘»,['luna']
@radz_joe @terra_money You know I agree with you here,1453416826294218752,en,[],1,2,12,route2fi,2021-10-27 17:42:29 UTC,Route 2 FI ğŸŒ–ğŸ‘»,[]
@Black_Wolf_LM @terra_money Not the worst choice ğŸ™,1453392647981309954,en,[],0,0,2,route2fi,2021-10-27 16:06:24 UTC,Route 2 FI ğŸŒ–ğŸ‘»,[]
@Feelh1p @galactic_punks I like it. Was the first on terra too.,1453331312987844614,en,[],0,1,2,route2fi,2021-10-27 12:02:41 UTC,Route 2 FI ğŸŒ–ğŸ‘»,[]
@TerraBeesNFT @Speicherx @terra_money @NicolasFlamelX @stablekwon @AlphaSeeker21 @TerraBitesPod @TerraShills @TerraLUNADaily how does it work?,1453293744585773056,en,[],0,1,2,route2fi,2021-10-27 09:33:24 UTC,Route 2 FI ğŸŒ–ğŸ‘»,[]
@Ajith_143 I saw a coin that pumped AF from August and wanted to try it myself.  That was $LUNA ğŸŒ–,1453262295086342147,en,[],0,0,3,route2fi,2021-10-27 07:28:26 UTC,Route 2 FI ğŸŒ–ğŸ‘»,['luna']
Don't think I've seen a stronger crypto community than the #LUNAtics  So much alpha &amp; good vibes coming from them!  $LUNA ğŸŒ–,1453260370894888963,en,['lunatics'],29,17,240,route2fi,2021-10-27 07:20:47 UTC,Route 2 FI ğŸŒ–ğŸ‘»,['luna']
@coinsterra @WSBuffett_LUNA @Konnan101 @phtevenstrong Correct,1453230483609985027,en,[],0,0,1,route2fi,2021-10-27 05:22:01 UTC,Route 2 FI ğŸŒ–ğŸ‘»,[]
@WSBuffett_LUNA @Konnan101 Use the spreadsheet from @phtevenstrong,1453087625800306692,en,[],1,1,3,route2fi,2021-10-26 19:54:21 UTC,Route 2 FI ğŸŒ–ğŸ‘»,[]
Sideways market.  But $LUNA is pumping!  It's a good day ğŸŒ–,1453046934470541316,en,[],16,7,155,route2fi,2021-10-26 17:12:40 UTC,Route 2 FI ğŸŒ–ğŸ‘»,['luna']
@terra_ust @anchor_protocol Agree ğŸ™,1452884043146711044,en,[],0,0,0,route2fi,2021-10-26 06:25:23 UTC,Route 2 FI ğŸŒ–ğŸ‘»,[]
@OleLauk_ Terra Station. Use Transak,1452669961311227908,en,[],0,0,1,route2fi,2021-10-25 16:14:42 UTC,Route 2 FI ğŸŒ–ğŸ‘»,[]
Buying $LUNA is a life hack if you want to reach financial independence fast.,1452625533678854146,en,[],61,22,462,route2fi,2021-10-25 13:18:10 UTC,Route 2 FI ğŸŒ–ğŸ‘»,['luna']
"@Stack_House_ @LevelOneFarm I use Apeboard for Terra, so that's not a worry!",1452552009500999686,en,[],0,0,0,route2fi,2021-10-25 08:26:00 UTC,Route 2 FI ğŸŒ–ğŸ‘»,[]
ğŸš¨ Luna Apes District Private Whitelist Spot ğŸš¨  The apes are minting on Nov 1 and we are giving away a private WL spot. Follow the steps below to enter:  -Join the discord:  https://t.co/5Gj80DXHRf -RT this tweet and comment #joinLAD  -Tag 3 friends -Follow @Luna_Apes on Twitter  https://t.co/2YhEoyuhVa,1452517546037587971,en,['joinlad'],157,171,199,route2fi,2021-10-25 06:09:04 UTC,Route 2 FI ğŸŒ–ğŸ‘»,[]
@SoSoCrypto2 @danielesesta @anchor_protocol @terra_money @TerraBitesPod @stablekwon @NicolasFlamelX I also own $time ğŸ‘Œ,1452308992676569101,en,[],0,0,0,route2fi,2021-10-24 16:20:21 UTC,Route 2 FI ğŸŒ–ğŸ‘»,['time']
@NexusProtocol @SmartStake @terra_money Let's go!!,1452307995531034628,en,[],1,0,22,route2fi,2021-10-24 16:16:23 UTC,Route 2 FI ğŸŒ–ğŸ‘»,[]
"@kakakadandan @danielesesta @Simone94586115 @anchor_protocol @terra_money @TerraBitesPod @stablekwon @NicolasFlamelX Would love that, but don't think it will be possible",1452208020633669632,en,[],0,1,3,route2fi,2021-10-24 09:39:07 UTC,Route 2 FI ğŸŒ–ğŸ‘»,[]
@danielesesta @Simone94586115 @anchor_protocol @terra_money @TerraBitesPod @stablekwon @NicolasFlamelX From bull to super bull!  Give this man a follow everybody ğŸ”¥ğŸš€,1452206898942447632,en,[],1,3,12,route2fi,2021-10-24 09:34:40 UTC,Route 2 FI ğŸŒ–ğŸ‘»,[]
@tomasik_mateusz @terra_money @anchor_protocol Holy shit. Sounds awesome!  Have any good links to share where I can deep dive?,1452206659640729600,en,[],0,1,1,route2fi,2021-10-24 09:33:43 UTC,Route 2 FI ğŸŒ–ğŸ‘»,[]
@goldenpill1 @danielesesta @anchor_protocol @terra_money @TerraBitesPod @stablekwon @NicolasFlamelX I will brother.  Will make a big thread!,1452206382275497993,en,[],0,4,16,route2fi,2021-10-24 09:32:36 UTC,Route 2 FI ğŸŒ–ğŸ‘»,[]
"@SpideerDwarf @Spark333333 @cr_zilla @danielesesta @anchor_protocol @terra_money @TerraBitesPod @stablekwon @NicolasFlamelX Easier than you think, bro ğŸ”¥",1452165370484232193,en,[],0,0,1,route2fi,2021-10-24 06:49:38 UTC,Route 2 FI ğŸŒ–ğŸ‘»,[]
"@BtTrey5 @terra_money Oooh, thanks ser",1452138075535069185,en,[],0,0,1,route2fi,2021-10-24 05:01:11 UTC,Route 2 FI ğŸŒ–ğŸ‘»,[]
Imagine not buying $LUNA at this price when you know that:  -The staking rewards are going to 5x -10% of the supply will be burned -100 new protocols will be launched within the next months,1452019056274546688,en,[],39,22,273,route2fi,2021-10-23 21:08:14 UTC,Route 2 FI ğŸŒ–ğŸ‘»,['luna']
"@tomasik_mateusz @terra_money Wow, do you like $tland?",1452001628576440324,en,[],0,1,1,route2fi,2021-10-23 19:58:59 UTC,Route 2 FI ğŸŒ–ğŸ‘»,['tland']
@twenty1k @terra_money Me too,1451909267477483527,en,[],0,1,1,route2fi,2021-10-23 13:51:59 UTC,Route 2 FI ğŸŒ–ğŸ‘»,[]
@Corp_promotion @terra_money More bullish on Mir than Anc?,1451876190365618179,en,[],0,0,0,route2fi,2021-10-23 11:40:32 UTC,Route 2 FI ğŸŒ–ğŸ‘»,[]
@JB8111 @terra_money @NexusProtocol Love it,1451866660391071744,en,[],1,1,1,route2fi,2021-10-23 11:02:40 UTC,Route 2 FI ğŸŒ–ğŸ‘»,[]
@AndreHo30077398 @terra_money Not ANC?,1451860606601080833,en,[],0,1,0,route2fi,2021-10-23 10:38:37 UTC,Route 2 FI ğŸŒ–ğŸ‘»,[]
@OneEyesOnYou @Black_Wolf_LM @terra_money @kinetic_money @WhiteWhaleTerra @TeamKujira All right!,1451848608660271105,en,[],0,0,0,route2fi,2021-10-23 09:50:57 UTC,Route 2 FI ğŸŒ–ğŸ‘»,[]
@peyerkes @terra_money Agree,1451847780813660165,en,[],0,0,0,route2fi,2021-10-23 09:47:39 UTC,Route 2 FI ğŸŒ–ğŸ‘»,[]
@thecryptodonx @YassId07 @terra_money Savings account,1451846870368665601,en,[],0,2,2,route2fi,2021-10-23 09:44:02 UTC,Route 2 FI ğŸŒ–ğŸ‘»,[]
@NFTea8 @terra_money @Levana_protocol @nebula_protocol Both great points,1451846728437600265,en,[],0,0,0,route2fi,2021-10-23 09:43:28 UTC,Route 2 FI ğŸŒ–ğŸ‘»,[]
@YassId07 @terra_money Agree.,1451843959899230210,en,[],0,0,1,route2fi,2021-10-23 09:32:28 UTC,Route 2 FI ğŸŒ–ğŸ‘»,[]
@hoodshitcoiner @terra_money What's the case for dph?,1451843551722184706,en,[],0,2,1,route2fi,2021-10-23 09:30:51 UTC,Route 2 FI ğŸŒ–ğŸ‘»,[]
@DeFiator @terra_money Love the concept!,1451842923335671811,en,[],0,0,5,route2fi,2021-10-23 09:28:21 UTC,Route 2 FI ğŸŒ–ğŸ‘»,[]
@BastianHaas2 @terra_money Thanks. I'm also waiting for @WhiteWhaleTerra and @kinetic_money !,1451842574495490053,en,[],0,0,3,route2fi,2021-10-23 09:26:58 UTC,Route 2 FI ğŸŒ–ğŸ‘»,[]
@NFTea8 @terra_money The best protocol IMO.,1451842139428638726,en,[],0,1,4,route2fi,2021-10-23 09:25:14 UTC,Route 2 FI ğŸŒ–ğŸ‘»,[]
@fiat4losers @terra_money Will the meme hold you think?,1451841943923798016,en,[],0,2,2,route2fi,2021-10-23 09:24:28 UTC,Route 2 FI ğŸŒ–ğŸ‘»,[]
"@cr_zilla @terra_money Wow, awesome!",1451841752004976645,en,[],0,0,0,route2fi,2021-10-23 09:23:42 UTC,Route 2 FI ğŸŒ–ğŸ‘»,[]
@flengure @terra_money Good point!,1451841592818601985,en,[],0,0,0,route2fi,2021-10-23 09:23:04 UTC,Route 2 FI ğŸŒ–ğŸ‘»,[]
@fiat4losers @terra_money I love the @NexusProtocol concept!,1451840787403186176,en,[],0,1,13,route2fi,2021-10-23 09:19:52 UTC,Route 2 FI ğŸŒ–ğŸ‘»,[]
@Black_Wolf_LM @terra_money @kinetic_money @WhiteWhaleTerra @TeamKujira Will all of them have coins?,1451840557626626062,en,[],0,3,1,route2fi,2021-10-23 09:18:57 UTC,Route 2 FI ğŸŒ–ğŸ‘»,[]
"Okay, so I'm very bullish on $LUNA.  But which other coins within the @terra_money ecosystem are a must-buy in your opinion, and why?  Looking to expand my bag!   Would love suggestions from you ğŸŒ–",1451839295543721986,en,[],21,58,182,route2fi,2021-10-23 09:13:56 UTC,Route 2 FI ğŸŒ–ğŸ‘»,['luna']
@Terra_Lunatic_ Thank you so much!,1451811810169004032,en,[],0,0,2,route2fi,2021-10-23 07:24:43 UTC,Route 2 FI ğŸŒ–ğŸ‘»,[]
@archon_0x Wish I knew about $Luna back then.,1451805087463051264,en,[],0,0,5,route2fi,2021-10-23 06:58:00 UTC,Route 2 FI ğŸŒ–ğŸ‘»,['luna']
Anyone else waiting for the $MIM - $UST strategy to launch? ğŸŒ–  160% APY on @anchor_protocol.  $UST demandğŸš€ $LUNA price ğŸš€  Bullish AF!,1451795879418007552,en,[],52,33,462,route2fi,2021-10-23 06:21:25 UTC,Route 2 FI ğŸŒ–ğŸ‘»,"['mim', 'ust', 'ust', 'luna']"
@scar_terra Awesome!,1451570038746619918,en,[],0,1,0,route2fi,2021-10-22 15:24:00 UTC,Route 2 FI ğŸŒ–ğŸ‘»,[]
What's your average buying price for your $LUNA bag? ğŸŒ–  I'll start:  $32.50,1451569345532923917,en,[],13,247,248,route2fi,2021-10-22 15:21:15 UTC,Route 2 FI ğŸŒ–ğŸ‘»,['luna']
@cobject Just buy $Luna,1451481230801842180,en,[],0,0,3,route2fi,2021-10-22 09:31:07 UTC,Route 2 FI ğŸŒ–ğŸ‘»,['luna']
"@iamalexmathers Eth is a no-brainer, but the potential of Luna is insane!",1451456112184766469,en,[],0,1,6,route2fi,2021-10-22 07:51:18 UTC,Route 2 FI ğŸŒ–ğŸ‘»,[]
Owning $LUNA is risky.  Not owning $LUNA is riskier.,1451451738037366819,en,[],76,22,532,route2fi,2021-10-22 07:33:55 UTC,Route 2 FI ğŸŒ–ğŸ‘»,"['luna', 'luna']"
Holy shit! You know what this means for the price of $LUNA !ğŸš€ğŸŒ–,1451442948227358722,en,[],12,6,85,route2fi,2021-10-22 06:59:00 UTC,Route 2 FI ğŸŒ–ğŸ‘»,['luna']
"Hey, @danielesesta   The #lunatics are more than ready to flow their aUST into the aUST-$MIM pool (including me!)  wen launch of the pool on Curve today?   wen support for Terra Station?    https://t.co/xFRYI8Z2jD  (ğŸ©, ğŸ©) LFG!",1451434328953663494,en,['lunatics'],9,5,29,route2fi,2021-10-22 06:24:45 UTC,Route 2 FI ğŸŒ–ğŸ‘»,[]
@COB_Ghost You borrow outside of Terra.,1451272565671006218,en,[],0,0,2,route2fi,2021-10-21 19:41:57 UTC,Route 2 FI ğŸŒ–ğŸ‘»,[]
"@LukaszDrz Yes, but be quiet about it! Let's buy $LUNA in silence ğŸ™",1451267993791569927,en,[],2,1,10,route2fi,2021-10-21 19:23:47 UTC,Route 2 FI ğŸŒ–ğŸ‘»,['luna']
"@iamalexmathers Thanks, brother Alex.  Btw, seems like there's a huge $Luna community in Poland ğŸ¤",1451151051835510788,en,[],0,1,4,route2fi,2021-10-21 11:39:06 UTC,Route 2 FI ğŸŒ–ğŸ‘»,['luna']
"@CryptoHarry_ Maybe $Luna, $sol, $one, $kda, and $atom",1451123927523250176,en,[],1,0,9,route2fi,2021-10-21 09:51:19 UTC,Route 2 FI ğŸŒ–ğŸ‘»,"['luna', 'sol', 'one', 'kda', 'atom']"
@dnbroger Lots of them.  Check out Terra Floki $Tfloki,1450926474266136577,en,[],0,0,3,route2fi,2021-10-20 20:46:43 UTC,Route 2 FI ğŸŒ–ğŸ‘»,['tfloki']
"@krichardsonnet @jessstonks @JamesonCamp This is the craziest strategy yet, off with $LUNA:  https://t.co/TFwl3N9R4g",1450915328431644674,en,[],0,1,3,route2fi,2021-10-20 20:02:25 UTC,Route 2 FI ğŸŒ–ğŸ‘»,['luna']
"@PaikCapital Yeah, but what's bullish for $UST is bullish for $LUNA because of the burn mechanism ğŸ‘Œ",1450889613770432526,en,[],0,1,1,route2fi,2021-10-20 18:20:14 UTC,Route 2 FI ğŸŒ–ğŸ‘»,"['ust', 'luna']"
There's a lot of talk about that you shouldn't rotate into altcoins too early.  But you can't play the BTC/altcoin rotation wrong if you never sold your gems in the first place ğŸŒ–  #LUNA,1450834381166321668,en,['luna'],12,6,95,route2fi,2021-10-20 14:40:46 UTC,Route 2 FI ğŸŒ–ğŸ‘»,[]
"@PanParagraf @Terra_Land Now, this is real alpha!",1450802021997678597,en,[],1,0,7,route2fi,2021-10-20 12:32:11 UTC,Route 2 FI ğŸŒ–ğŸ‘»,[]
@isfreenow @stablekwon In @terra_money we trust!,1450792727952637956,en,[],0,0,6,route2fi,2021-10-20 11:55:15 UTC,Route 2 FI ğŸŒ–ğŸ‘»,[]
"Will I use this strategy myself?  Yes, sir!  I'll keep you posted, so follow me on Twitter for more alpha around this strategy and all Terra Luna strategies in general.   16/",1450771441943814145,en,[],9,7,167,route2fi,2021-10-20 10:30:40 UTC,Route 2 FI ğŸŒ–ğŸ‘»,[]
2) Peg risk and leverage risk  $1 UST represents $1 fiat.  But what if $UST loses peg?   Letâ€™s say we enter a bear market and the market drops 50%  How does the Terra ecosystem avoid that $UST losing its peg?  And what about $MIM? How do we know for sure that 1 $MIM = 1 USD?  10/,1450771426588364803,en,[],11,3,92,route2fi,2021-10-20 10:30:36 UTC,Route 2 FI ğŸŒ–ğŸ‘»,"['ust', 'ust', 'mim', 'mim']"
"@CryptoHarry_ @MIM_Spell @terra_money @anchor_protocol @NexusProtocol What a killer thread, my friend! ğŸ™",1450161764537192458,en,[],0,1,16,route2fi,2021-10-18 18:08:02 UTC,Route 2 FI ğŸŒ–ğŸ‘»,[]
@Terrians_ @terra_money @MIM_Spell @SmartStake @archon_0x @Josephliow @sjpark_TFL @lunafomo @TheLUNAKing @AlphaSeeker21 @InKwonWeTrust When will the integration be ready with $Mim?  Ready to leverage my $UST ğŸ‘Œ,1450053811100336128,en,[],0,1,7,route2fi,2021-10-18 10:59:03 UTC,Route 2 FI ğŸŒ–ğŸ‘»,"['mim', 'ust']"
@Luna_Apes @randomearth_io Looking forward to it ğŸ‘Œ,1449763598717313030,en,[],0,0,1,route2fi,2021-10-17 15:45:51 UTC,Route 2 FI ğŸŒ–ğŸ‘»,[]
@Luna_Apes wen mint?,1449762289264078848,en,[],0,1,2,route2fi,2021-10-17 15:40:39 UTC,Route 2 FI ğŸŒ–ğŸ‘»,[]
LFG!  Looking forward to this mintğŸŒ–  #lunaapes #joinLAD @Luna_Apes  https://t.co/X3QkGNusKc,1449755171098087425,en,"['lunaapes', 'joinlad']",9,2,30,route2fi,2021-10-17 15:12:22 UTC,Route 2 FI ğŸŒ–ğŸ‘»,[]
Iâ€™m doubling down on $LUNA and their ecosystem.   Iâ€™m not telling you what to do.,1449725464566767619,en,[],16,11,106,route2fi,2021-10-17 13:14:20 UTC,Route 2 FI ğŸŒ–ğŸ‘»,['luna']
@SangheraCapital Terra bridge,1449422967465811969,en,[],0,0,0,route2fi,2021-10-16 17:12:19 UTC,Route 2 FI ğŸŒ–ğŸ‘»,[]
@10YearTarget You're definitely missing $LUNA.  Would sell $XRP ğŸ¤™,1449323676990676992,en,[],0,3,9,route2fi,2021-10-16 10:37:46 UTC,Route 2 FI ğŸŒ–ğŸ‘»,"['luna', 'xrp']"
@Cephii1 Same. Which other terra projects?,1449209286169616391,en,[],0,4,1,route2fi,2021-10-16 03:03:13 UTC,Route 2 FI ğŸŒ–ğŸ‘»,[]
@CookingWealth @terra_money Had a similar experience ğŸ™,1448325409616154630,en,[],0,0,3,route2fi,2021-10-13 16:31:00 UTC,Route 2 FI ğŸŒ–ğŸ‘»,[]
"@Roostoshi Nothing compared to $LUNA, ser.",1448304221275709442,en,[],0,0,6,route2fi,2021-10-13 15:06:49 UTC,Route 2 FI ğŸŒ–ğŸ‘»,['luna']
"Which cryptocurrency are you most bullish on, and why is it $LUNA? ğŸŒ–",1448303639953563652,en,[],26,20,134,route2fi,2021-10-13 15:04:30 UTC,Route 2 FI ğŸŒ–ğŸ‘»,['luna']
"@dopeboyshanee @LunaBulls @terra_money Thanks, brother!!",1447491939419541507,en,[],0,0,0,route2fi,2021-10-11 09:19:06 UTC,Route 2 FI ğŸŒ–ğŸ‘»,[]
Just got these two good-looking @LunaBulls from my mate @dopeboyshanee !  Definitely recommend you to follow this guy if you want to stay updated on the latest events within the @terra_money community!  WAGMI!  https://t.co/3sezffCGmR,1447489719399501824,en,[],6,1,20,route2fi,2021-10-11 09:10:16 UTC,Route 2 FI ğŸŒ–ğŸ‘»,[]
"@Josephliow @terra_money Mars, Kinetic Money, and all the new possible yield strategies ğŸ™",1446917929367490563,en,[],0,0,7,route2fi,2021-10-09 19:18:11 UTC,Route 2 FI ğŸŒ–ğŸ‘»,[]
@crypto_cb @galactic_punks I think I will.  What if they end up being the state of art for Luna NFT's? One day maybe as valuable as Ethereum's punks ğŸ¤™,1445775162482184194,en,[],0,1,1,route2fi,2021-10-06 15:37:14 UTC,Route 2 FI ğŸŒ–ğŸ‘»,[]
"@tomasik_mateusz Thank you, brother! LUNA LFG!",1445747431589642250,en,[],0,1,1,route2fi,2021-10-06 13:47:03 UTC,Route 2 FI ğŸŒ–ğŸ‘»,[]
@javiermendonca @danku_r @Speicherx @googlecalendar @terra_money Thnx,1445728158792171521,en,[],0,0,0,route2fi,2021-10-06 12:30:28 UTC,Route 2 FI ğŸŒ–ğŸ‘»,[]
@cr_zilla Copying Terra USD?,1444959055462780930,en,[],0,1,1,route2fi,2021-10-04 09:34:19 UTC,Route 2 FI ğŸŒ–ğŸ‘»,[]
@ImStinner $Luna is a long-term keeper ğŸ™,1444945984484687881,en,[],0,1,6,route2fi,2021-10-04 08:42:23 UTC,Route 2 FI ğŸŒ–ğŸ‘»,['luna']
@TerraLUNADaily @terra_money @terraworld_work @NexusProtocol @terraterrapins @ProtocolTalis @valkyrie_money @LunaBulls @SmartStake When @mars_protocol ?,1444764759572848640,en,[],0,0,3,route2fi,2021-10-03 20:42:15 UTC,Route 2 FI ğŸŒ–ğŸ‘»,[]
@MaguroXBT Sick luna rate. How many Luna is max?,1444581348589686784,en,[],0,1,0,route2fi,2021-10-03 08:33:27 UTC,Route 2 FI ğŸŒ–ğŸ‘»,[]
@F3A_33 @anchor_protocol Had the same issue from Binance and Kucoin now.  Do you know why it ain't working?: @lejimmy  @TheMoonMidas  @soilbrah   And is there any way to send money or luna to terra station right now?,1443941269701632003,en,[],0,3,4,route2fi,2021-10-01 14:10:00 UTC,Route 2 FI ğŸŒ–ğŸ‘»,[]
"@MrRefractor I love Terra, but this is not a quality sign!  When will Whitewhale be up and running?",1443896012448337949,en,[],0,1,4,route2fi,2021-10-01 11:10:10 UTC,Route 2 FI ğŸŒ–ğŸ‘»,[]
"@soilbrah everyone can fail except $Luna, right?",1443656383015051268,en,[],0,1,3,route2fi,2021-09-30 19:17:58 UTC,Route 2 FI ğŸŒ–ğŸ‘»,['luna']
"@THORWhale @terra_money Thanks, brother!",1443589783897337860,en,[],0,1,4,route2fi,2021-09-30 14:53:19 UTC,Route 2 FI ğŸŒ–ğŸ‘»,[]
"2 hours and 30 minutes to the Colombus 5 upgrade on Terra $LUNA   Check out my thread on how you can get a 19,5% interest rate on your savings with Anchor Protocol.  I mean, why would you even store your money in the bank to 0,1%?  Banks are zeroes.   ğŸ‘‡   https://t.co/m1vDdiZOs7",1443453461799055369,en,[],7,3,42,route2fi,2021-09-30 05:51:38 UTC,Route 2 FI ğŸŒ–ğŸ‘»,['luna']
"@TylerElwell @terra_money @anchor_protocol Thank you, ser! ğŸŒ–",1443067990732386312,en,[],0,0,1,route2fi,2021-09-29 04:19:54 UTC,Route 2 FI ğŸŒ–ğŸ‘»,[]
Tagging people that have inspired me to research both Anchor Protocol and the whole Terra Ecosystem:   @javiermendonca @AlexDemosthenes @TheMoonMidas @lejimmy  @ajcheshier  @kohkim  @dopeboyshanee  @lunaterraluna  @Cephii1  @AlphaSeeker21  @Spidy239 @TerraYoda,1442840104960155649,en,[],10,9,91,route2fi,2021-09-28 13:14:22 UTC,Route 2 FI ğŸŒ–ğŸ‘»,[]
On 30th September the Terra Ecosystem upgrades from Colombus 4 to Colombus 5 and there will be launched about 50 new dApps.   The one dApp called Mars Protocol looks really promising  Rumours says that you will be paid to borrow $UST by using your current $UST as collateral.  /23,1442835962896207875,en,[],15,4,163,route2fi,2021-09-28 12:57:54 UTC,Route 2 FI ğŸŒ–ğŸ‘»,"['ust', 'ust']"
"Overall, I think Anchor Protocol is great.   Iâ€™ve tried to be as neutral as possible with listing the risks.   However, there is no secret that I do believe in the Terra Ecosystem, so DYOR before you ape in with all your money.  /22",1442835960031498245,en,[],9,1,142,route2fi,2021-09-28 12:57:54 UTC,Route 2 FI ğŸŒ–ğŸ‘»,[]
"How can I buy $UST?  You can buy $UST: -Directly on Anchor Protocol via Transak  -Directly on Kucoin, Coinbase, Uniswap or Terraswap -By buying $LUNA on most exchanges â€“&gt; send it to Terra Wallet â€“&gt; convert $LUNA to $UST  /21",1442835957238190084,en,[],12,6,181,route2fi,2021-09-28 12:57:53 UTC,Route 2 FI ğŸŒ–ğŸ‘»,"['ust', 'ust', 'luna', 'luna', 'ust']"
"To summarize: this can happen again, but I know the Terra team has improved the peg algorithm stability since the May crash to prepare for new bear markets.  In the September crash $UST was the most stable coin of them all (see tweet below):  https://t.co/kqiDfKD2Qc  /19",1442835946605527047,en,[],16,4,173,route2fi,2021-09-28 12:57:50 UTC,Route 2 FI ğŸŒ–ğŸ‘»,['ust']
"But the sharp price declines in $Luna, compounded by large amounts of liquidations on Terraâ€™s lending protocol Anchor, drove redemptions from $Luna to $UST to exceed $80 million, forcing $UST to trade at a discount.  /18",1442835938439225352,en,[],9,1,89,route2fi,2021-09-28 12:57:48 UTC,Route 2 FI ğŸŒ–ğŸ‘»,"['luna', 'luna', 'ust', 'ust']"
"$UST relies on $Luna for its stability.  The Terra protocol acts as a market maker, making sure that when the supply of $UST goes up, the $Luna supply goes down, and vice versa.   The system is designed to handle $20 million of redemptions with a 2% spread.   /17",1442835935461249024,en,[],8,3,111,route2fi,2021-09-28 12:57:48 UTC,Route 2 FI ğŸŒ–ğŸ‘»,"['ust', 'luna', 'ust', 'luna']"
"But what if itâ€™s different next time?   â€œNormalâ€ stablecoins are partly backed by the US dollar while $UST is algorithmically controlled.  $USTâ€™s drop was in part driven by a sell-off in Terraâ€™s native cryptocurrency $Luna, which plunged by as much as 80% to $4.18.  /16",1442835932365967363,en,[],7,2,101,route2fi,2021-09-28 12:57:47 UTC,Route 2 FI ğŸŒ–ğŸ‘»,"['ust', 'luna']"
De-peg risk: $UST is a alghoritmic stablecoin.   $1 UST represents $1 fiat.  But what if $UST loses its peg?   Letâ€™s say we enter a bear market and the top coin $LUNA drops 50% in value.  How does the Terra ecosystem avoid that $UST losing its peg?  /12,1442835916737978372,en,[],12,2,129,route2fi,2021-09-28 12:57:43 UTC,Route 2 FI ğŸŒ–ğŸ‘»,"['ust', 'ust', 'luna', 'ust']"
"Anchor is a protocol backed by Terra Luna.   But what if the people behind Anchor Protocol one day just withdraw the money from Anchor and deletes all evidence?   Iâ€™m not expecting this to happen, but there are frauds in DeFi, so keep it in the back of your mind.  /11",1442835913554472964,en,[],6,3,127,route2fi,2021-09-28 12:57:43 UTC,Route 2 FI ğŸŒ–ğŸ‘»,[]
As I started to dig deeper into stablecoins I found Anchor Protocol which is a part of the Terra Ecosystem (the biggest coin per market cap is $LUNA).   Anchor Protocol is a protocol that promises a stable savings rate between 19-20% per year on their own stablecoin $UST.  /3,1442835876921462785,en,[],8,1,163,route2fi,2021-09-28 12:57:34 UTC,Route 2 FI ğŸŒ–ğŸ‘»,"['luna', 'ust']"
@BastCrypto So $Luna for $450K and the rest Solana? ğŸ¤ª,1442498401682264067,en,[],1,1,2,route2fi,2021-09-27 14:36:33 UTC,Route 2 FI ğŸŒ–ğŸ‘»,['luna']
@GORT_ROBOT @AltcoinGordon @spaceloot_nft @galactic_punks @Astroverse_NFT When is the mint date for the LUNA punks?,1442387591660253185,en,[],0,1,3,route2fi,2021-09-27 07:16:14 UTC,Route 2 FI ğŸŒ–ğŸ‘»,[]
"@invest_jon Totally get you there. Bitcoin is more a store of value.  But check out coins like Ethereum, Solana, Luna etc. with real use cases. They're changing the world right now with DeFi.  Keep an eye out for my newsletter that I will release very soon where I'll talk about this.",1441690123859415040,en,[],0,0,2,route2fi,2021-09-25 09:04:45 UTC,Route 2 FI ğŸŒ–ğŸ‘»,[]
"@TheCryptoDog You miss, $LUNA ğŸ”¥",1441631556951547904,en,[],1,0,4,route2fi,2021-09-25 05:12:02 UTC,Route 2 FI ğŸŒ–ğŸ‘»,['luna']
@javiermendonca A little more Luna boost and you're there ğŸ”¥ğŸ”¥,1441443972639907842,en,[],0,0,1,route2fi,2021-09-24 16:46:38 UTC,Route 2 FI ğŸŒ–ğŸ‘»,[]
"@chargrysolle I have to admit that I'm not the most qualified to answer this, but I'm very bullish on $LUNA. The deflationary event happening at 29. Sept will increase its demand.  Other than that $ATOM, $AVAX, $FET, $MIOTA.  I do love Ethereum as well, but the gas fee right now is â˜ ï¸",1441405641273208833,en,[],1,3,12,route2fi,2021-09-24 14:14:19 UTC,Route 2 FI ğŸŒ–ğŸ‘»,"['luna', 'atom', 'avax', 'fet', 'miota']"
"@theQSLmind $ETH, $LUNA, $ATOM, $MIOTA, $FET, $AAVE, $CAKE   Yours? ğŸ‘",1441037716502638600,en,[],0,3,1,route2fi,2021-09-23 13:52:19 UTC,Route 2 FI ğŸŒ–ğŸ‘»,"['eth', 'luna', 'atom', 'miota', 'fet', 'aave', 'cake']"
"@Invest4finance $ETH, $LUNA, $ATOM, $MIOTA, $FET, $AAVE, $CAKE   Discovering new great ones daily.",1441023315389427712,en,[],0,1,5,route2fi,2021-09-23 12:55:05 UTC,Route 2 FI ğŸŒ–ğŸ‘»,"['eth', 'luna', 'atom', 'miota', 'fet', 'aave', 'cake']"
"@dopeboyshanee @terra_money @anchor_protocol You too, brother!  Which dApps do you most look forward to after Colombus 5?",1439212845137334276,en,[],0,2,1,route2fi,2021-09-18 13:00:56 UTC,Route 2 FI ğŸŒ–ğŸ‘»,[]
@dopeboyshanee @terra_money I have lots in @anchor_protocol already ğŸ™,1439203757607329792,en,[],0,1,2,route2fi,2021-09-18 12:24:49 UTC,Route 2 FI ğŸŒ–ğŸ‘»,[]
@javiermendonca Sounds like the Terra ecosystem right now ğŸ˜,1438728272729227265,en,[],0,1,2,route2fi,2021-09-17 04:55:25 UTC,Route 2 FI ğŸŒ–ğŸ‘»,[]
@SteveGubbins @MW_MarcoWang @terra_money For ETH?,1437773604389801989,en,[],0,0,0,route2fi,2021-09-14 13:41:54 UTC,Route 2 FI ğŸŒ–ğŸ‘»,[]
@MW_MarcoWang @terra_money Apollo is available already.   41% on ETH and 38% on BTC. Sounds too good to be true IMO.,1437751848446857218,en,[],0,1,0,route2fi,2021-09-14 12:15:27 UTC,Route 2 FI ğŸŒ–ğŸ‘»,[]
@MW_MarcoWang @terra_money What are you farming? Are you on Apollo?,1437748731793874944,en,[],1,1,2,route2fi,2021-09-14 12:03:04 UTC,Route 2 FI ğŸŒ–ğŸ‘»,[]
