username,id,language,retweets_count,tweet,hashtags,replies_count,cashtags,name,likes_count,created_at
shibainuart,1465535139031572480,en,924,Crypto Exchange Kraken Now Supports Shiba Inu ‚Äî $SHIB Trading to Begin Tomorrow   https://t.co/yIXIR5ALfu,[],100,['shib'],MILKSHAKE,2889,2021-11-30 04:16:20 UTC
shibainuart,1465534664030916608,en,501,"Crypto exchange Kraken lists Shiba Inu, kickstarting $SHIB price recovery.   https://t.co/lh6s54AdNS",[],38,['shib'],MILKSHAKE,1693,2021-11-30 04:14:26 UTC
shibainuart,1464732233495838721,en,980,Shiba Inu $SHIB Strengthens Its Presence on Asian Exchanges   https://t.co/E9wYmuYPEv,[],137,['shib'],MILKSHAKE,2872,2021-11-27 23:05:52 UTC
shibainuart,1464731931862466566,en,753,Shiba Inu $SHIB Metaverse: Here‚Äôs Everything You Should Know About the currency‚Äôs Gaming Venture.  Source:  https://t.co/JMQSJtqoOh,[],97,['shib'],MILKSHAKE,2275,2021-11-27 23:04:40 UTC
shibainuart,1464731702517911555,en,647,Shiba Inu team joins hands with former @Activision VP for a Shiba $SHIB game.  @william_volk    https://t.co/2vHSYyuOIj,[],94,['shib'],MILKSHAKE,1927,2021-11-27 23:03:45 UTC
shibainuart,1464731403531157506,en,674,This Is Why Shiba Inu $SHIB Will Disrupt The Metaverse Industry!   https://t.co/ewaXOyUXPC,[],132,['shib'],MILKSHAKE,1891,2021-11-27 23:02:34 UTC
shibainuart,1464731200115789825,en,861,It's Official! Online Retail Giant Newegg Confirms That It Will Accept Shiba Inu $SHIB   https://t.co/vO1qHKEWHY,[],89,['shib'],MILKSHAKE,2622,2021-11-27 23:01:46 UTC
shibainuart,1464731082432008197,en,1390,Shiba Inu $SHIB Propels Into Trillion-Dollar Metaverse With Blockchain Gaming Introduction.   https://t.co/qENVKykx8d,[],196,['shib'],MILKSHAKE,3714,2021-11-27 23:01:18 UTC
shibainuart,1464730716416065541,en,657,"Shiba Inu $SHIB finds new friend in Newegg, as online retailer confirms it will accept the token.   https://t.co/hATNjLUTiN",[],96,['shib'],MILKSHAKE,2132,2021-11-27 22:59:50 UTC
shibainuart,1464345233647300615,en,416,Invited to an AMA with the Shiba Persian Chat at this time.  https://t.co/cl3c77LD7j  https://t.co/mxQXsy9P72,[],78,[],MILKSHAKE,1435,2021-11-26 21:28:04 UTC
shibainuart,1463964083489697807,en,1127,Shiba Inu : Trending on Socials with 56.3K Tweets.  #SHIB  https://t.co/iSuQDwtC54,['shib'],234,[],MILKSHAKE,3556,2021-11-25 20:13:31 UTC
shibainuart,1463897079915241472,en,1198,üü¢ New Medium release tomorrow.  üü¢ Shiba Inu Games details.  üü¢ Lead Consultant that will be working with the AAA game studio to be revealed.   #ShibArmy,['shibarmy'],191,[],MILKSHAKE,3316,2021-11-25 15:47:16 UTC
shibainuart,1463741222674071552,en,724,Decoding the Shiba Inu $SHIB Teaser: Here‚Äôs What it Could Mean  Source: @WatcherGuru   https://t.co/xCFgiiFfNN,[],226,['shib'],MILKSHAKE,2168,2021-11-25 05:27:57 UTC
shibainuart,1463450258948571138,en,598,"GiftChill, E-Gift Cards Giant Retailer, Confirms Shiba $SHIB as Payment Method.   https://t.co/LkpVuXHzd6",[],68,['shib'],MILKSHAKE,1557,2021-11-24 10:11:45 UTC
shibainuart,1462984126227566595,en,344,Shiba Inu team issues scam alert to $SHIB investors.   https://t.co/CQ0mB0A1M9,[],54,['shib'],MILKSHAKE,1154,2021-11-23 03:19:31 UTC
shibainuart,1462983169234276353,en,627,Shiba Inu $SHIB Dominate U.S. Most Searched List In November   https://t.co/BKvkt6rPyB,[],74,['shib'],MILKSHAKE,1816,2021-11-23 03:15:43 UTC
shibainuart,1462586876544446467,en,788,"Shiba Inu $SHIB makes up the biggest holding of the top 1,000 ETH wallets.   https://t.co/EB6k1oyDUZ",[],102,['shib'],MILKSHAKE,2338,2021-11-22 01:00:59 UTC
shibainuart,1462586615323193347,en,641,Vegas Auto Gallery Now Accepts Shiba Inu $SHIB Payment for Its Services  Source:  https://t.co/c1mkzwIv4Z,[],76,['shib'],MILKSHAKE,1806,2021-11-22 00:59:57 UTC
shibainuart,1462586353699340292,en,615,"Now You Can Finally Buy a Car With the Shiba Inu $SHIB Token, but With This Increased Popularity Comes an Onslaught of Scams.  Source:  https://t.co/9kzzMu3A45",[],86,['shib'],MILKSHAKE,1797,2021-11-22 00:58:54 UTC
shibainuart,1462116445479784454,en,728,üê∂Doggy.  ü¶¥Dao.  üíüShiba.  ‚ò∏Ô∏èSwap.   üé®Shibo.  üïπShis.   ü™ßShiba.  üõÖRium.  üü†Shib.  üî¥Leash.  ‚ö™Ô∏èBone.   üåô‚ú®üí´  #ShibArmy,['shibarmy'],162,[],MILKSHAKE,2322,2021-11-20 17:51:40 UTC
shibainuart,1461719840142491655,en,588,"üü•These scammers are getting quite creative, and this one is getting super irritating.  Do not click on these links There is no SHIBA NEWS BIG EVENT There is no GIVEAWAY There is no AIRDROP Stay safe. Do not hand your keys Beware of impersonators Block THEM!  #SHIBARMY #SHIB  https://t.co/vewFD2Up6C","['shibarmy', 'shib']",187,[],MILKSHAKE,1435,2021-11-19 15:35:41 UTC
shibainuart,1461717326827454464,en,744,"Recently, crypto analytics firm Santiment published a research report in which it said that Shiba Inu $SHIB could be considered a ‚Äúblue chip‚Äù among Ethereum-powered altcoins.  Source:  https://t.co/5UiZHSt2nv",[],180,['shib'],MILKSHAKE,1926,2021-11-19 15:25:42 UTC
shibainuart,1461077044297494530,en,1159,Even Drinking Coffee Can Burn $SHIB After Shiba Coffee Company Launches.  Source:  https://t.co/cboesObMUE,[],199,['shib'],MILKSHAKE,3052,2021-11-17 21:01:27 UTC
shibainuart,1460833467277529090,en,675,"AMC Theatres to Accept Shiba Inu $SHIB Within Two to Four Months. The largest movie theater chain in the U.S. already accepts bitcoin, ether and other cryptos.  Source:  https://t.co/NeabQZvSFT",[],112,['shib'],MILKSHAKE,1997,2021-11-17 04:53:34 UTC
shibainuart,1460833285626478592,en,1123,Shiba Inu $SHIB Now Supported by Samsung-Backed Crypto Wallet App  Source:  https://t.co/qjAITjocy5,[],106,['shib'],MILKSHAKE,3061,2021-11-17 04:52:50 UTC
shibainuart,1460274307133685760,en,692,Kraken Exec drops Shiba Inu $SHIB listing hint; Deletes tweet later.  Source:  https://t.co/w9p7SljHf6,[],113,['shib'],MILKSHAKE,1923,2021-11-15 15:51:40 UTC
shibainuart,1459751376687276036,en,1202,Crypto Exchange Gemini Adds Shiba Inu Support ‚Äî $SHIB Investors Hopeful Robinhood Will Be Next   https://t.co/UiQ6BZTrXl,[],159,['shib'],MILKSHAKE,3509,2021-11-14 05:13:43 UTC
shibainuart,1458938213003718671,en,589,"Massive: A community member just shared this account @FigaroResearch with me. It mysteriously appeared on social media, and posts: This Truth is for teh ppl $SHIB.  Also releasing a medium titled: Clearing the mist around the ETH OGs and Shiba Inu connection (Part 1).",[],132,['shib'],MILKSHAKE,1532,2021-11-11 23:22:30 UTC
shibainuart,1458916828080590848,en,1628,Mobile Game Helps Shiba Inu Burn By Destroying $SHIB With Ad Revenue üî•  Source:  https://t.co/28Ft5wkPRL,[],215,['shib'],MILKSHAKE,4315,2021-11-11 21:57:31 UTC
shibainuart,1458867888417173505,en,979,"Shiba Inu $SHIB Will Make an Explosive Move Right Back, Says Crypto Analyst  Source: @Investingcom   https://t.co/BX0iQ61g1W",[],177,['shib'],MILKSHAKE,2531,2021-11-11 18:43:03 UTC
shibainuart,1458867625065271305,en,828,Dog Coin Shiba Inu $SHIB Looks to Resume Its Uptrend   https://t.co/PACqkiRTEB,[],76,['shib'],MILKSHAKE,2499,2021-11-11 18:42:00 UTC
shibainuart,1458866812305620992,en,877,Shiba Inu price prediction: $SHIB could soon explode higher  Source:  https://t.co/eRtYYZenur,[],106,['shib'],MILKSHAKE,2481,2021-11-11 18:38:47 UTC
shibainuart,1458490201869733892,en,1062,AMC Theatres Says Customers Will Soon Be Able To Pay With Shiba Inu $SHIB   https://t.co/PJCB5DnyNX,[],106,['shib'],MILKSHAKE,2709,2021-11-10 17:42:16 UTC
shibainuart,1458489960110067712,en,534,AMC Theatres on Track to Accept 4 Cryptocurrencies Next Month: CEO Expects Dogecoin and Shiba Inu $SHIB to Follow. #AMC $AMC @CEOAdam   Source:   https://t.co/yD4MClCa9u,['amc'],87,"['shib', 'amc']",MILKSHAKE,1443,2021-11-10 17:41:18 UTC
shibainuart,1458489656576659460,en,671,Shiba Inu $SHIB coin trading frenzy could help lift @Coinbase out of its third-quarter funk.   https://t.co/rv0rQgpeJI,[],99,['shib'],MILKSHAKE,1822,2021-11-10 17:40:06 UTC
shibainuart,1458489482026442756,en,1301,Robinhood COO Applauds Shiba Inu $SHIB Community but Fails to Provide Details on Listing   https://t.co/QjA3unUl4q,[],316,['shib'],MILKSHAKE,4073,2021-11-10 17:39:24 UTC
shibainuart,1458488773465968643,en,988,"Shiba Inu $SHIB Coin‚Äôs Userbase Is Approaching 1 Million Now, but the COO of Robinhood Remains Unimpressed. Really @RobinhoodApp?  Source:  https://t.co/mdNKhbGCiW",[],253,['shib'],MILKSHAKE,2731,2021-11-10 17:36:35 UTC
shibainuart,1458488608789184513,en,434,"A warehouse worker has quit their job and retired at the age of 35 after investing ¬£6,000 in the cryptocurrency Shiba Inu $SHIB.  Source:  https://t.co/ylfv0Z13lq",[],37,['shib'],MILKSHAKE,1318,2021-11-10 17:35:56 UTC
shibainuart,1458488340047564806,en,1031,"Shiba Inu $SHIB Beats Bitcoin, Ether, and Dogecoin as Most Popular Cryptocurrency on Twitter.  Source:  https://t.co/wMsJPI19G1",[],157,['shib'],MILKSHAKE,2875,2021-11-10 17:34:52 UTC
shibainuart,1457769074700607491,en,634,"Coinbase‚Äôs Shiba $SHIB Gamble, NFT Plan Fuel Wall Street Optimism.  Source: @business   https://t.co/Wn7bfMyl2u",[],95,['shib'],MILKSHAKE,1828,2021-11-08 17:56:46 UTC
shibainuart,1457768590153687043,en,849,"Shiba Inu $SHIB Beats Out Cardano, Dogecoin On Top 10 Watch-Listed Tokens  Source: @newsbtc   https://t.co/qeW309BCko",[],120,['shib'],MILKSHAKE,2355,2021-11-08 17:54:50 UTC
shibainuart,1456520589728894980,en,73,"@Ry0shiNFt @shibarium_ @brianchoffman @krakenfx My tweet wasn‚Äôt insulting. In fact it just quoted his Shiba Inu GIF he shared earlier letting him know I agreed with the sentiment. I think his message was that he sees the community. Needless to say, the quote retweet was polite and respectful, asking for an update on listing.",[],34,[],MILKSHAKE,247,2021-11-05 07:15:44 UTC
shibainuart,1455658878675288065,en,473,"Crypto exchange Kraken promises to list shiba inu $SHIB on Tuesday, and asks the #SHIBarmy to vote on it.   https://t.co/hcZlt4AhnW",['shibarmy'],92,['shib'],MILKSHAKE,1472,2021-11-02 22:11:36 UTC
shibainuart,1455658087952490502,en,344,Shiba Inu $SHIB Price Update As Kraken Exchange Teases Listing the Crypto.   https://t.co/YEQCjc7OdF,[],64,['shib'],MILKSHAKE,1019,2021-11-02 22:08:27 UTC
shibainuart,1455353429543448577,en,555,"Shiba Inu Price Predictions: Can $AMC Ticket Sales Take SHIB to Record Highs?  AMC is putting up its best ticket sales in months, and Adam Aron is hypin up $SHIB investors.   https://t.co/kChEwF3uwB",[],59,"['amc', 'shib']",MILKSHAKE,1464,2021-11-02 01:57:51 UTC
shibainuart,1455351389572399104,en,896,Get ready #ShibArmy...  Crypto Exchange Kraken to List Shiba Inu $SHIB Tomorrow ‚Äî SHIB Investors Expect Price to Pum   https://t.co/JUBw5OpP0I,['shibarmy'],126,['shib'],MILKSHAKE,2532,2021-11-02 01:49:45 UTC
shibainuart,1454896788016484360,en,702,"User "" shibmiikshake "" scamming people on Telegram.   There is no Shiba Bonus. There is no Shiba Giveaway. There is no Air Drop. Do not share your wallet keys.  Be safe #ShibArmy, and stay away from scammers who add you to their channels randomly, stick to official links only.  https://t.co/Slyk77WyzI",['shibarmy'],109,[],MILKSHAKE,1711,2021-10-31 19:43:19 UTC
shibainuart,1454506397530406917,en,585,Meme tokens are front and center after Shiba Inu $SHIB coin's rally. An expert says they're part of the evolution of finance and cannot be ignored.  Source:  https://t.co/jTj2Bi8PQx,[],78,['shib'],MILKSHAKE,1607,2021-10-30 17:52:03 UTC
shibainuart,1454352415218536452,en,757,‚ùå There is no Shiba Bonus / Air Drop.   ‚ùå Impersonators are out there scamming good investors.   ‚ùå I will never DM you.   ‚ùå Never give away your wallet keys.   üü© Stick to Official Channels.   #ShibArmy,['shibarmy'],111,[],MILKSHAKE,2056,2021-10-30 07:40:11 UTC
shibainuart,1454090475925749764,en,829,Shiba Inu Is $SHIB Back Above Dogecoin as Coinbase Changes SHIB's Maximum Price Precision   https://t.co/byWuWyITdh,[],101,['shib'],MILKSHAKE,2254,2021-10-29 14:19:19 UTC
shibainuart,1454089475122884612,en,471,ANALYSIS-'When #shiba? wen $SHIB' ask Robinhood users hungry for dogecoin-like returns.  Source:  https://t.co/qjlgWnDIsm,['shiba'],65,['shib'],MILKSHAKE,1217,2021-10-29 14:15:21 UTC
shibainuart,1454088639797882880,en,835,"Robinhood users missed Shiba Inu's 89-million-percent rally over the past year, with the token still unavailable to trade on the platform. $SHIB  We've been telling you, @RobinhoodApp it's all love for your users and platform too!   https://t.co/WPwoFBixqI",[],117,['shib'],MILKSHAKE,2036,2021-10-29 14:12:02 UTC
shibainuart,1454088281650393089,en,1416,Movie Giant AMC Considering Accepting Shiba Inu $SHIB - BULLISH !!!!!   https://t.co/XEwMqMkXGo,[],180,['shib'],MILKSHAKE,3183,2021-10-29 14:10:36 UTC
shibainuart,1454086619988779017,en,389,"Let's share some world crypto news, now shall we?  Ether Reaches Record High of Over $4.4K as Shiba Inu $SHIB Becomes a Leading ETH Burner   https://t.co/hXjwW3UATA",[],50,['shib'],MILKSHAKE,1066,2021-10-29 14:04:00 UTC
shibainuart,1453489201912049669,en,269,"üìçReport: Warning, verified fake Shiba accounts such as @MelanieNews2 are appearing, please verify you are following and interacting directly with @Shibtoken.   Honestly, 313 Followers, and the not aligned Shib profile picture logo with the windows wallpaper for a banner.. #Faker  https://t.co/Oa3d52MjaA",['faker'],48,[],MILKSHAKE,601,2021-10-27 22:30:04 UTC
shibainuart,1453397502342746122,en,1308,"Crypto history will always showcase, Shiba Inu. $SHIB",[],177,['shib'],MILKSHAKE,4333,2021-10-27 16:25:42 UTC
shibainuart,1453227442500476940,en,311,"Secret, Curve and Shiba Inu $SHIB gains suggest that #altseason is coming.   https://t.co/hxHEUOzfSc",['altseason'],29,['shib'],MILKSHAKE,882,2021-10-27 05:09:56 UTC
shibainuart,1453226903708520450,en,682,"Shiba Inu $SHIB hits a new record as a petition asking Robinhood to list the coin gets over 300,000 signatures  Source: @FortuneMagazine   https://t.co/vclOcKWZaJ",[],71,['shib'],MILKSHAKE,1749,2021-10-27 05:07:48 UTC
shibainuart,1453060472685547520,en,347,STAY ALERT üö® another scam flowing on Telegram. Using my name to impersonate. This is a SCAM!!! There is not Shiba activity Rewards!! Or air drops! Or bonus!!! #SHIBARMY  https://t.co/FMFlUHywyr,['shibarmy'],40,[],MILKSHAKE,695,2021-10-26 18:06:27 UTC
shibainuart,1452990488978477063,en,894,üöÄINCREDIBLE: Shiba Inu $SHIB continues to hit new All Time Highs! ATH after ATH! Lets delete the zero!  Holders are up 587% in the past 1 month.,[],129,['shib'],MILKSHAKE,2637,2021-10-26 13:28:22 UTC
shibainuart,1452674066268123137,en,668,"Shiba inu $SHIB coin, a ""meme"" cryptocurrency, hits all-time high.  (""I wish they realized we are more than a meme."")  Source: @CNN   https://t.co/W3dhqXPC7m",[],113,['shib'],MILKSHAKE,1928,2021-10-25 16:31:01 UTC
shibainuart,1452471974874079238,en,691,"Have a goodnight #ShibArmy, I'm going to bed early after not sleeping for over 24 hours (ATH excitement had me going!) Will be back tomorrow!   Image: Uni is a 9-month-old Shiba Inu living in Tokyo, Japan.  https://t.co/owIlHKUgbh",['shibarmy'],180,[],MILKSHAKE,3284,2021-10-25 03:07:59 UTC
shibainuart,1452283467438428171,en,588,"Shiba Inu $SHIB Jumps 50% to Record, Becoming 11th-Biggest Crypto Coin in the World.  Source: @business   https://t.co/CeNrgdOZQA",[],74,['shib'],MILKSHAKE,1546,2021-10-24 14:38:55 UTC
shibainuart,1452273404824989697,en,467,"I continue to say this: Our community is Shiba Inu. The ideas and solid support, showcases the ongoing growth, and acknowledgment of fulfilling Ryoshi‚Äôs dream. Ideas like this make me smile! Thank you @iamstevencooper Bullish snowball effect indeed. üöÄ $SHIB",[],65,['shib'],MILKSHAKE,1478,2021-10-24 13:58:56 UTC
shibainuart,1452184221812936705,en,1147,"Shiba Inu $SHIB Hits New All-Time High, Becomes Most Traded Cryptocurrency on @Coinbase  https://t.co/mwqPV4jDOK",[],185,['shib'],MILKSHAKE,3065,2021-10-24 08:04:33 UTC
shibainuart,1451696507233570825,en,420,SHIBA INU: Moving $SHIB to $0.00003  Source:  https://t.co/rdJInMpPND,[],39,['shib'],MILKSHAKE,1280,2021-10-22 23:46:33 UTC
shibainuart,1451696266220474370,en,639,Shiba Inu $SHIB Aims For Groundbreaking Shift In Primary Architecture With The Launch Of Its Own Blockchain  Source:  https://t.co/NgjK0NTGKt,[],120,['shib'],MILKSHAKE,1572,2021-10-22 23:45:35 UTC
shibainuart,1451696031494643714,en,294,Shiba Inu price analysis: $SHIB to breakout with RSI showing solid buyer interest at $0.000027  Source:  https://t.co/uY1s3yJepx,[],23,['shib'],MILKSHAKE,805,2021-10-22 23:44:39 UTC
shibainuart,1451695867019161602,en,523,Why people traded Dogecoin for Shiba Inu $SHIB cryptocurrency coins.  Source:  https://t.co/PMkB3kkqEV,[],121,['shib'],MILKSHAKE,1410,2021-10-22 23:44:00 UTC
shibainuart,1451267779126980608,en,849,"Shiba Inu $SHIB now listed on Public, Robinhood next?   https://t.co/bsrLDelej8",[],135,['shib'],MILKSHAKE,2788,2021-10-21 19:22:56 UTC
shibainuart,1450899334992588804,en,363,Beautiful Shiba Inu üëÄ in @SnoopDogg's latest MV. #ShibArmy...  https://t.co/NVdoZlJx7n,['shibarmy'],94,[],MILKSHAKE,1237,2021-10-20 18:58:52 UTC
shibainuart,1449837564731351043,en,64,@army_shiba Bullish!,[],18,[],MILKSHAKE,343,2021-10-17 20:39:46 UTC
shibainuart,1448421598885675008,en,42,Telegram's original channel is where I started my path into sharing experiences with others about the love for Shiba Inu. I still remember Ryoshi days when he would interact with the community and bring forward the push for decentralization and community.,[],1,[],MILKSHAKE,171,2021-10-13 22:53:14 UTC
shibainuart,1448421597593800709,en,165,"#ShibArmy Telegram, so crazy to see all the great talks, and efforts being constantly mitigated in the communication platform. With the new introduction of the new channel unifying the community, it's never been  better to share and collaborate on all things related Shiba.",['shibarmy'],10,[],MILKSHAKE,566,2021-10-13 22:53:13 UTC
shibainuart,1448336480057769987,en,657,Shiba Inu $SHIB Listed on India's Oldest Cryptocurrency Exchange   https://t.co/Kc09ATewlW,[],77,['shib'],MILKSHAKE,1876,2021-10-13 17:15:00 UTC
shibainuart,1448336184661315586,en,253,Yahoo Finance: What is the Shiba Inu $SHIB cryptocurrency?   https://t.co/fRdxZUR9NC,[],31,['shib'],MILKSHAKE,696,2021-10-13 17:13:49 UTC
shibainuart,1448158039157067776,en,444,"If the Paraguay calls for Shiba Inu are true, and the people of #Paraguay üáµüáæ are asking for $SHIB to be a legal currency there, that would be just massive.",['paraguay'],90,['shib'],MILKSHAKE,1165,2021-10-13 05:25:56 UTC
shibainuart,1448153641379000320,en,444,All Top 30 Altcoins Crashed Against BTC Weekly: Shiba Inu $SHIB is the Only One Up 80%   https://t.co/oUvMhTY7dj,[],66,['shib'],MILKSHAKE,1162,2021-10-13 05:08:28 UTC
shibainuart,1448091036593631232,en,353,"Shiba Inu $SHIB Enters Top 11 On @CoinGecko, Just Behind Dogecoin   Source:  https://t.co/WL4FCQrhg9",[],47,['shib'],MILKSHAKE,1053,2021-10-13 00:59:42 UTC
shibainuart,1448090517703565312,en,634,"Shiba Inu's $SHIB Twitter Popularity Wins On Dogecoin, Bitcoin And Ethereum.  Source: @Benzinga   https://t.co/nPVWyroy0w",[],91,['shib'],MILKSHAKE,1707,2021-10-13 00:57:38 UTC
shibainuart,1447792223421034499,en,355,Shiba Inu Influencers Condemn Matt Wallace for Spreading Hate Against $SHIB  Don't be mean #flattwallace.  Source: @IBTimesSG   https://t.co/hq3UBEiiE3,['flattwallace'],66,['shib'],MILKSHAKE,961,2021-10-12 05:12:19 UTC
shibainuart,1447788155675955203,en,388,Well #ShibArmy...  I finally made it to @IBTimesSG news for defending $SHIB ü§ç  TITLE: Dogecoin Co-founder Billy Markus Accused of Being 'Upset' over Shiba Inu's $SHIB Rise  Source: @IBTimesSG   https://t.co/Ur3FEvVUX7,['shibarmy'],106,"['shib', 'shib']",MILKSHAKE,1069,2021-10-12 04:56:09 UTC
shibainuart,1447666063173308418,en,587,"#ShibArmy  üßØAirdrops are scams. There is no ""Shiba Airdrop"". üßØYouTube Elon videos promoting SHIB to 0.01 are scams.  üßØThere is no ""Shiba Bonus"". üßØStick to only official Discord and Telegram channels. üßØAdmins / Mods won't DM you. üßØScammers Impersonate Names of admins.",['shibarmy'],67,[],MILKSHAKE,1423,2021-10-11 20:51:00 UTC
shibainuart,1447618620813561858,en,564,"The price of SHIBA INU $SHIB is $0.000031, market capitalization is $12,354,567,570.",[],77,['shib'],MILKSHAKE,1914,2021-10-11 17:42:29 UTC
shibainuart,1447602519698403331,en,717,"Shiba Inu Is Just Getting Started, How Far Will $SHIB Go?  Source:  https://t.co/Wg7k5Zcbdd",[],107,['shib'],MILKSHAKE,2090,2021-10-11 16:38:30 UTC
shibainuart,1447602221999214596,en,186,#Bitcoin Bulls Eye All-Time Highs As Shiba Inu $SHIB Price Surges Back   https://t.co/pyVNEsRh65,['bitcoin'],14,['shib'],MILKSHAKE,561,2021-10-11 16:37:19 UTC
shibainuart,1447602100830040067,en,288,Shiba Inu  rebounds 40% despite selling by some $SHIB whales  Source:  https://t.co/Uoiq4yL5NW,[],30,['shib'],MILKSHAKE,819,2021-10-11 16:36:50 UTC
shibainuart,1447601862379667459,en,175,"Bitcoin (BTC), Shiba Inu Coin $SHIB and Fantom (FTM) Cryptos Leading the Crypto Market Higher  Source:  https://t.co/LW6R6z0QPd",[],25,['shib'],MILKSHAKE,455,2021-10-11 16:35:53 UTC
shibainuart,1447601682053951490,en,507,Here's how Shiba Inu $SHIB can dethrone Cardano and rank third-largest crypto by market cap  Source:  https://t.co/G7Js1fsuUp,[],71,['shib'],MILKSHAKE,1334,2021-10-11 16:35:10 UTC
shibainuart,1447601574138679297,en,168,Shiba Inu's $SHIB Price Increased More Than 14% Within 24 hours  Source: @Benzinga   https://t.co/pZLCG7cbJr,[],15,['shib'],MILKSHAKE,465,2021-10-11 16:34:45 UTC
shibainuart,1447601355162484736,en,219,"Shiba Inu Begins Its Weekly Trading Session on Bullish Note, $SHIB Price Up 20%  Source:  https://t.co/9H1VXBS75Z",[],14,['shib'],MILKSHAKE,605,2021-10-11 16:33:52 UTC
shibainuart,1447601194176679938,en,310,When Will Shiba Inu $SHIB Hit Robinhood? Investors Want to Know as SHIB Closes in on All-Time High.  Source:  https://t.co/N4zRaakuom,[],39,['shib'],MILKSHAKE,829,2021-10-11 16:33:14 UTC
shibainuart,1447601075893129219,en,266,Shiba wars price: Shiba Inu IGNITE as $SHIB climbs to a new high in the Dogecoin rankings.  Source:  https://t.co/QNuv873P8g,[],26,['shib'],MILKSHAKE,722,2021-10-11 16:32:46 UTC
shibainuart,1446318493964533762,en,540,Meanwhile.... The Shiba Inu $SHIB party continues somewhere.  Credit: @ A_Whale (Telegram User who shared it)  https://t.co/v6cpA0A06D,[],84,['shib'],MILKSHAKE,1708,2021-10-08 03:36:14 UTC
shibainuart,1446243985014419487,en,477,Shiba Inu $SHIB took 14 months to hit a market value of $12 billion. It took dogecoin 6 times as long to reach that milestone.   https://t.co/3JABulRO4y,[],55,['shib'],MILKSHAKE,1338,2021-10-07 22:40:10 UTC
shibainuart,1446243799944949790,en,484,"No, Elon Musk‚Äôs Shiba Inu $SHIB Tweet Isn‚Äôt Pumping SHIB‚Äôs Price.   https://t.co/z1pXIZ1RW2",[],99,['shib'],MILKSHAKE,1665,2021-10-07 22:39:26 UTC
shibainuart,1446003706042871812,en,827,"üöÖUnstoppable: Shiba Inu $SHIB surpasses Litecoin, Chainlink and Bitcoin Cash by market capitalization.   Source:  https://t.co/G4KQU6nX95",[],120,['shib'],MILKSHAKE,2244,2021-10-07 06:45:23 UTC
shibainuart,1445882912725889029,en,535,"Shiba Inu truly grew into an ecosystem in such short time. It's been incredible to see the energy, community orientation, and the amount of holders growing each day in this ecosystem. $SHIB is just doing amazing things and always setting record breaking moments in crypto history.",[],159,['shib'],MILKSHAKE,1656,2021-10-06 22:45:24 UTC
shibainuart,1445793818180083721,en,320,üç•#shibainu Shiba Inu $SHIB continues to trend for a third day in a row in the United States and other countries.  https://t.co/czEgszqrpF,['shibainu'],29,['shib'],MILKSHAKE,856,2021-10-06 16:51:22 UTC
shibainuart,1445762504424968208,en,253,BTC Touched Monthly High at $52K: Shiba Inu $SHIB Enters Top 20 After 220% Weekly Gains (Market Watch)   https://t.co/eWhKhXETdO,[],27,['shib'],MILKSHAKE,649,2021-10-06 14:46:56 UTC
shibainuart,1445762171003031563,en,330,Interesting analysis: These Catalysts Will Propel Shiba Inu $SHIB Price to the 0.00005 Mark!   https://t.co/5MdexZY9Cm,[],32,['shib'],MILKSHAKE,767,2021-10-06 14:45:37 UTC
shibainuart,1445761807105155073,en,267,Shiba Inu buys more than 6 trillion $SHIB coins over 2 days; starts uptrend.   https://t.co/tcNqAdLwvV,[],26,['shib'],MILKSHAKE,698,2021-10-06 14:44:10 UTC
shibainuart,1445761641803517952,en,452,"Shiba Inu $SHIB Leads the Crypto Market, Currently the Most Traded Asset on #Binance, #Coinbase, and #Huobi   https://t.co/ML4vkSjkX6","['binance', 'coinbase', 'huobi']",40,['shib'],MILKSHAKE,1189,2021-10-06 14:43:31 UTC
shibainuart,1445761513453621253,en,479,"Not Dogecoin, It‚Äôs Shiba Inu $SHIB to the Moon!  Source:  https://t.co/RhKn1vfD8f",[],44,['shib'],MILKSHAKE,1292,2021-10-06 14:43:00 UTC
shibainuart,1445761286353014801,en,376,Dogecoin Killer. Shiba Inu $SHIB entered the top 20 largest cryptocurrencies by capitalization.   https://t.co/U3rGWXVoOi,[],42,['shib'],MILKSHAKE,1341,2021-10-06 14:42:06 UTC
shibainuart,1445761140508672014,en,193,Shiba Inu Value Jumps By 49 Percent To See $SHIB Break Into Top 20 Crypto Coins List   #SHIBDELETEAZERO x #SHIB Source:  https://t.co/5DK2nnAUW8,"['shibdeleteazero', 'shib']",22,['shib'],MILKSHAKE,482,2021-10-06 14:41:31 UTC
shibainuart,1445760189978669057,en,236,Current Shiba Inu $SHIB Rank Update:  Rank # 20 @CoinMarketCap  Rank # 17 @coingecko,[],24,['shib'],MILKSHAKE,736,2021-10-06 14:37:44 UTC
shibainuart,1445554821226844164,en,454,Shiba Inu  $SHIB Buzzing More On Twitter Than Dogecoin And #Bitcoin   https://t.co/0lyKBV6BGC,['bitcoin'],71,['shib'],MILKSHAKE,1317,2021-10-06 01:01:41 UTC
shibainuart,1445502253335343109,en,292,#SHIB is set to become the biggest gainer for Q4 at this rate..   SHIBA INU ROI: 1049207.65% @CoinMarketCap  https://t.co/6qbDUWJOrL,['shib'],47,[],MILKSHAKE,909,2021-10-05 21:32:47 UTC
shibainuart,1445436439357919237,en,867,Shiba Inu $SHIB Becomes Most-Traded Cryptocurrency on Coinbase   https://t.co/H1s0pRGoFD,[],87,['shib'],MILKSHAKE,2308,2021-10-05 17:11:16 UTC
shibainuart,1445432186438438915,en,298,Why Shiba Inu $SHIB Is Skyrocketing Today   https://t.co/5ErrEeRUGa,[],34,['shib'],MILKSHAKE,835,2021-10-05 16:54:22 UTC
shibainuart,1445224185395957762,en,435,"Bitcoin breaks $49k, while Shiba Inu $SHIB ‚Äòeats a zero‚Äô on Robinhood rumours   https://t.co/gwMzHqmHcg",[],75,['shib'],MILKSHAKE,1448,2021-10-05 03:07:51 UTC
shibainuart,1445173805249273859,en,442,#SHIBA Now Trending - 47.9K Tweets - WOOF!  https://t.co/rVPSXhUKTJ,['shiba'],95,[],MILKSHAKE,1365,2021-10-04 23:47:39 UTC
shibainuart,1445124102537166857,en,418,"Shiba Inu Watchlist Update:  $SHIB On 1,141,091 watchlists $DOGE On 1,148,258 watchlists",[],65,"['shib', 'doge']",MILKSHAKE,1486,2021-10-04 20:30:09 UTC
shibainuart,1445123648268877825,en,326,SHIBA INU $SHIB Rank Update:  #34 @CoinMarketCap  #31  @coingecko,[],51,['shib'],MILKSHAKE,991,2021-10-04 20:28:21 UTC
shibainuart,1443612524893523968,en,234,"Shiba Inu $SHIB ready to rally after launching 10,000 NFTs on #ShibaSwap  Source: @FXstreetNews   https://t.co/p2OVvu2nG7",['shibaswap'],33,['shib'],MILKSHAKE,666,2021-09-30 16:23:41 UTC
shibainuart,1442864134752653329,en,259,"üì∞Shiba Inu $SHIB: On 1,126,404 watchlists. üì∞Dogecoin $DOGE: On 1,140,589 watchlists.",[],60,"['shib', 'doge']",MILKSHAKE,976,2021-09-28 14:49:51 UTC
shibainuart,1442518471430918147,en,430,Shiba Inu $SHIB Attracts Heavy Buying Pressure as 90% Investors Keep it on 'Buy' and Only 10% on 'Sell'  Source:  https://t.co/WxoRAHrRci,[],74,['shib'],MILKSHAKE,1318,2021-09-27 15:56:18 UTC
shibainuart,1441821637699989508,en,517,More than 1 Million Investors Keep Shiba Inu $SHIB on their 'Watchlist' after Binance and Coinbase Listing  Source:  https://t.co/oKWslotU10,[],79,['shib'],MILKSHAKE,1607,2021-09-25 17:47:20 UTC
shibainuart,1441500639591223299,en,155,"From the medium: @ShytoshiKusama discloses information on the following topics:  üåé Think Like A Country üü£ The Shiba Inu Token Trifecta üü£ Utility via Usage üü£ $Shib Ecosystem üü£ Platforms: #ShibaSwap, #Shibarium &amp; #ShibaNet üü£ New Product: #SHIBOSHIS 10,000 #NFTs  https://t.co/UjRv7JanUR","['shibaswap', 'shibarium', 'shibanet', 'shiboshis', 'nfts']",23,['shib'],MILKSHAKE,412,2021-09-24 20:31:48 UTC
shibainuart,1441494868228902917,en,206,The SHIBA UPDATE 9/24 @shytoshikusama medium Release is out #ShibArmy! $SHIB $LEASH $BONE   https://t.co/ikzZdsyIxu,['shibarmy'],54,"['shib', 'leash', 'bone']",MILKSHAKE,677,2021-09-24 20:08:52 UTC
shibainuart,1441286708138369029,en,15,@ShibaAustralia @SamuraiShiba @Dezaxe @army_shiba @BppTax @ShibBloke @Shibtoken @ericmxxx @ryu_kick @remi_grl @ShibInformer Well deserved!!! Congratulations!  https://t.co/lbJUHSSq3X,[],4,[],MILKSHAKE,80,2021-09-24 06:21:43 UTC
shibainuart,1441150934944391170,en,389,"Shiba Inu $SHIB is the most popular crypto on Twitter, ahead of Uniswap, Polkadot and Solana  Source:  https://t.co/lwtnlTPUuh",[],62,['shib'],MILKSHAKE,1091,2021-09-23 21:22:12 UTC
shibainuart,1441106127035404294,en,309,"Will Robinhood List Shiba Inu? 185,000 People Hope So as $SHIB Crypto Rallies  Source: @InvestorPlace   https://t.co/b8vEqZ0C4K",[],53,['shib'],MILKSHAKE,878,2021-09-23 18:24:09 UTC
shibainuart,1440333042216673291,en,283,"In the news: Shiba Inu $SHIB adds over 100,000 new holders in three month  Source: @finbold   https://t.co/JlDJFcW9Vp",[],41,['shib'],MILKSHAKE,790,2021-09-21 15:12:12 UTC
shibainuart,1439642533055713280,en,215,Shiba Inu $SHIB price is in for a treat with 45% upside potential   https://t.co/SQF2SXfIxX,[],17,['shib'],MILKSHAKE,685,2021-09-19 17:28:21 UTC
shibainuart,1439642309025353732,en,236,Shiba Inu $SHIB Jumps to new Monthly Highs following Coinbase Listing  Source:  https://t.co/56avvD55p8,[],27,['shib'],MILKSHAKE,771,2021-09-19 17:27:28 UTC
shibainuart,1439642128737398785,en,230,Shiba Inu Leaves Dogecoin in the Dust as Coinbase Adds Support for the $SHIB Crypto  Source: @Entrepreneur x #Crypto  https://t.co/lH0mxnnYyw,['crypto'],29,['shib'],MILKSHAKE,728,2021-09-19 17:26:45 UTC
shibainuart,1439641785626546184,en,236,Making noise: Shiba Inu $SHIB sees a surge in value on @eToro   Source:  https://t.co/Sv7P2tXDR8,[],14,['shib'],MILKSHAKE,732,2021-09-19 17:25:23 UTC
shibainuart,1438994467881508866,en,142,"Oh, how I love Shiba Inu Art @shibainuart x $SHIB",[],18,['shib'],MILKSHAKE,697,2021-09-17 22:33:11 UTC
shibainuart,1438884080548859906,en,180,There are exciting messages pinned to the new group in telegram taking you to Shiba Inu Info and ShibArmy Marketing! $SHIB $LEASH $BONE,[],36,"['shib', 'leash', 'bone']",MILKSHAKE,782,2021-09-17 15:14:32 UTC
shibainuart,1438880624161406985,en,197,Historic Moment: New Official Telegram is live for $SHIB.  Click below to join #ShibArmy's new telegram group: Shiba Ecosystem:  https://t.co/fqfaKL96Dg,['shibarmy'],54,['shib'],MILKSHAKE,604,2021-09-17 15:00:48 UTC
shibainuart,1438649542866452484,en,287,"Shiba Inu Now Live On Coinbase, Can $SHIB Price ‚ÄòKill A Zero‚Äô Now?  Source:   https://t.co/IEag2VMVJw",[],79,['shib'],MILKSHAKE,802,2021-09-16 23:42:34 UTC
shibainuart,1438648822599610372,en,159,Shiba Inu $SHIB ready for new bull run.  Source: @FXstreetNews   https://t.co/eBjhAFjVZ5,[],21,['shib'],MILKSHAKE,492,2021-09-16 23:39:42 UTC
shibainuart,1438648625840615426,en,198,Shiba Inu $SHIB Token Is Up 25% so far Following Coinbase Listing  Source:  https://t.co/wZaXL62FtE,[],17,['shib'],MILKSHAKE,609,2021-09-16 23:38:55 UTC
shibainuart,1438648442297798660,en,162,To The Moon! Shiba Inu $SHIB Lands On Coinbase  Source: @Benzinga   https://t.co/8KLXyUQ51D,[],12,['shib'],MILKSHAKE,491,2021-09-16 23:38:12 UTC
shibainuart,1436685737701691397,en,107,More observations found online: Shiba Inu $SHIB Seems Primed To Move Up As SHIB Accumulation Continues  Source:  https://t.co/V0D14raIMP,[],10,['shib'],MILKSHAKE,340,2021-09-11 13:39:06 UTC
shibainuart,1436685361128755203,en,237,Making noise: Experts predict Shiba Inu $SHIB will rally by 85% toward $0.000013  Source: @FXstreetNews   https://t.co/syARf5H9IE,[],52,['shib'],MILKSHAKE,631,2021-09-11 13:37:37 UTC
shibainuart,1436003232090771456,en,285,"Everyone's talking about this: Shiba Inu $SHIB 'Loaded' on Robinhood App, Announcement to be Made Soon About Listing   https://t.co/P2gKb6gFvV",[],44,['shib'],MILKSHAKE,775,2021-09-09 16:27:04 UTC
shibainuart,1436002971129573387,en,253,More news: Shiba Inu $SHIB Coin finally landed on the Coinbase trading platform   https://t.co/XKRFvqpq2n,[],28,['shib'],MILKSHAKE,752,2021-09-09 16:26:02 UTC
shibainuart,1434557204946821128,en,116,Analysis Found: Shiba Inu price stares at 40% advance as $SHIB bounces off crucial support level.  Source: @FXstreetNews   https://t.co/drtTaNdUyx,[],34,['shib'],MILKSHAKE,323,2021-09-05 16:41:05 UTC
shibainuart,1433958306851155969,en,70,Hey @ShibInformer look at this! Sounds pretty interesting! Thanks @thesamtan for sharing with everyone. Perhaps something that can be shared or looked at with Shiba Inu's Gaming side?,[],7,[],MILKSHAKE,221,2021-09-04 01:01:16 UTC
shibainuart,1433606902374494211,en,187,"Thank you to the thousands of members in all platforms from the #ShibArmy who are pushing, sharing, and broadcasting the message forward for Shiba Inu and its ecosystem.  I know it's exciting to hear from the Devs, but more exciting to see how the community impacts the future.",['shibarmy'],55,[],MILKSHAKE,547,2021-09-03 01:44:55 UTC
shibainuart,1433477139521683456,en,76,Found online: Shiba Inu $SHIB Price Predictions: Can the Resurgence of DOGE Take SHIB to New Highs?  Source: @InvestorPlace   https://t.co/tk4PjUqEI9,[],11,['shib'],MILKSHAKE,216,2021-09-02 17:09:17 UTC
shibainuart,1433476890451320834,en,120,More mentions: Shiba Inu $SHIB and Dogecoin resume bull rally with more gains on the horizon  Source: @NewsroomPostCom   https://t.co/IjBYxH4An3,[],34,['shib'],MILKSHAKE,298,2021-09-02 17:08:18 UTC
shibainuart,1433476570740445184,en,146,Analysis found on the web: Shiba Inu Price Analysis: $SHIB Coin Expecting 30% Upward Rally  Source:   https://t.co/tXReTqQj3q,[],23,['shib'],MILKSHAKE,369,2021-09-02 17:07:01 UTC
shibainuart,1433476279588642820,en,304,Making noise: Shiba Inu $SHIB Beats #Ethereum and #Bitcoin to Remain the Second Most Traded Cryptocurrency in August  Source: @IBTimes   https://t.co/RfkL8q4KPh,"['ethereum', 'bitcoin']",87,['shib'],MILKSHAKE,706,2021-09-02 17:05:52 UTC
