asset,social_volume_twitter,social_volume_reddit,social_volume_telegram,social_volume_total
WBTC,4.0,14.0,4.0,23.0
WBTC,4.0,30.0,7.0,43.0
WBTC,3.0,11.0,6.0,21.0
WBTC,2.0,10.0,2.0,15.0
WBTC,0.0,8.0,4.0,14.0
WBTC,6.0,12.0,21.0,52.0
WBTC,28.0,32.0,7.0,74.0
WBTC,28.0,27.0,9.0,69.0
WBTC,3.0,14.0,8.0,27.0
WBTC,10.0,9.0,5.0,26.0
WBTC,0.0,9.0,11.0,28.0
WBTC,2.0,12.0,7.0,23.0
WBTC,5.0,14.0,6.0,34.0
WBTC,4.0,25.0,7.0,45.0
WBTC,6.0,23.0,18.0,47.0
WBTC,5.0,12.0,6.0,26.0
WBTC,6.0,12.0,8.0,26.0
WBTC,10.0,17.0,5.0,33.0
WBTC,7.0,13.0,15.0,36.0
WBTC,5.0,8.0,6.0,26.0
WBTC,30.0,4.0,2.0,39.0
WBTC,0.0,16.0,5.0,22.0
WBTC,4.0,9.0,3.0,19.0
WBTC,2.0,12.0,8.0,22.0
WBTC,1.0,11.0,4.0,17.0
WBTC,4.0,12.0,1.0,18.0
WBTC,5.0,4.0,16.0,33.0
WBTC,5.0,17.0,1.0,27.0
WBTC,5.0,11.0,13.0,30.0
WBTC,8.0,5.0,20.0,37.0
WBTC,17.0,9.0,9.0,38.0
WBTC,4.0,6.0,8.0,18.0
WBTC,1.0,4.0,3.0,14.0
WBTC,5.0,4.0,10.0,21.0
WBTC,7.0,13.0,14.0,39.0
WBTC,3.0,17.0,19.0,40.0
WBTC,3.0,32.0,17.0,68.0
WBTC,5.0,19.0,18.0,45.0
WBTC,9.0,14.0,7.0,31.0
WBTC,4.0,13.0,5.0,24.0
WBTC,8.0,16.0,9.0,38.0
WBTC,2.0,15.0,12.0,34.0
WBTC,2.0,11.0,8.0,28.0
WBTC,14.0,15.0,7.0,41.0
WBTC,14.0,12.0,11.0,55.0
WBTC,4.0,8.0,14.0,33.0
WBTC,3.0,6.0,13.0,23.0
WBTC,6.0,11.0,5.0,24.0
WBTC,5.0,13.0,18.0,40.0
WBTC,6.0,13.0,13.0,35.0
WBTC,3.0,16.0,5.0,38.0
WBTC,0.0,7.0,12.0,23.0
WBTC,7.0,10.0,2.0,23.0
WBTC,3.0,3.0,6.0,13.0
WBTC,6.0,9.0,18.0,33.0
WBTC,5.0,10.0,5.0,22.0
WBTC,4.0,9.0,17.0,31.0
WBTC,9.0,9.0,5.0,25.0
WBTC,3.0,13.0,7.0,33.0
WBTC,6.0,16.0,4.0,28.0
WBTC,3.0,8.0,1.0,16.0
WBTC,5.0,11.0,8.0,29.0
WBTC,18.0,10.0,9.0,40.0
WBTC,13.0,20.0,7.0,46.0
WBTC,7.0,13.0,9.0,33.0
WBTC,1.0,25.0,10.0,42.0
WBTC,5.0,2.0,5.0,15.0
WBTC,4.0,14.0,3.0,22.0
WBTC,4.0,19.0,9.0,44.0
WBTC,11.0,12.0,5.0,28.0
WBTC,5.0,18.0,9.0,35.0
WBTC,9.0,7.0,8.0,26.0
WBTC,21.0,16.0,8.0,49.0
WBTC,4.0,16.0,11.0,31.0
WBTC,16.0,8.0,4.0,28.0
WBTC,12.0,15.0,4.0,32.0
WBTC,9.0,27.0,6.0,48.0
WBTC,11.0,13.0,11.0,38.0
WBTC,7.0,11.0,11.0,30.0
WBTC,6.0,14.0,1.0,25.0
WBTC,7.0,16.0,10.0,34.0
WBTC,4.0,11.0,1.0,18.0
WBTC,6.0,8.0,3.0,20.0
WBTC,8.0,5.0,7.0,24.0
WBTC,6.0,8.0,16.0,36.0
WBTC,10.0,18.0,11.0,41.0
WBTC,1.0,6.0,7.0,15.0
WBTC,8.0,16.0,3.0,29.0
WBTC,10.0,12.0,14.0,37.0
WBTC,9.0,11.0,10.0,31.0
WBTC,10.0,22.0,2.0,39.0
WBTC,7.0,12.0,2.0,24.0
